location,year,start_year,enrolled,bp_controlled,control_rate,control_rate_observed,enrolled_growth_rate,control_rate_change,median_enrolled_growth,median_ctrl_change,enrolled_imputed,control_rate_imputed,bp_controlled_imputed
Anguilla,2017,2023,,,,0,,,0.871501257932485,0.495959595959596,,,
Anguilla,2018,2023,,,,0,,,0.871501257932485,0.495959595959596,,,
Anguilla,2019,2023,,,,0,,,0.871501257932485,0.495959595959596,,,
Anguilla,2020,2023,,,,0,,,0.871501257932485,0.495959595959596,,,
Anguilla,2021,2023,,,,0,,,0.871501257932485,0.495959595959596,,,
Anguilla,2022,2023,,,,0,,,0.871501257932485,0.495959595959596,,,
Anguilla,2023,2023,495,4,0.00808080808080808,1,,,0.871501257932485,0.495959595959596,495,0.00808080808080808,4
Anguilla,2024,2023,538,535,0.994423791821561,1,0.0868686868686868,0.986342983740753,0.871501257932485,0.495959595959596,538,0.994423791821561,535
Anguilla,2025,2023,1429,1429,1,0,1.65613382899628,0.00557620817843862,0.871501257932485,0.495959595959596,1429,1,1429
Antigua Barbuda,2017,,,,,0,,,,,,,
Antigua Barbuda,2018,,,,,0,,,,,,,
Antigua Barbuda,2019,,,,,0,,,,,,,
Antigua Barbuda,2020,,,,,0,,,,,,,
Antigua Barbuda,2021,,,,,0,,,,,,,
Antigua Barbuda,2022,,,,,0,,,,,,,
Antigua Barbuda,2023,,,,,0,,,,,,,
Antigua Barbuda,2024,,,,,0,,,,,,,
Antigua Barbuda,2025,,,,,0,,,,,,,
Argentina,2017,2018,,,,0,,,0,0.00481970724741165,,,
Argentina,2018,2018,,,,0,,,0,0.00481970724741165,,,
Argentina,2019,2018,,,,0,,,0,0.00481970724741165,,,
Argentina,2020,2018,5602,1836,0.327740092823991,1,,,0,0.00481970724741165,5602,0.327740092823991,1836
Argentina,2021,2018,5602,1863,0.332559800071403,1,0,0.00481970724741165,0,0.00481970724741165,5602,0.332559800071403,1863
Argentina,2022,2018,5602,293,0.0523027490182078,1,0,-0.280257051053195,0,0.00481970724741165,5602,0.0523027490182078,293
Argentina,2023,2018,28352,8859,0.312464729119639,1,4.06104962513388,0.260161980101431,0,0.00481970724741165,28352,0.312464729119639,8859
Argentina,2024,2018,41960,,,0,0.479966139954853,,0,0.00481970724741165,41960,0.317284436367051,13313.2549499614
Argentina,2025,2018,41960,,,0,0,,0,0.00481970724741165,41960,0.322104143614462,13515.4898660628
Bahamas,2017,,,,,0,,,,,,,
Bahamas,2018,,,,,0,,,,,,,
Bahamas,2019,,,,,0,,,,,,,
Bahamas,2020,,,,,0,,,,,,,
Bahamas,2021,,,,,0,,,,,,,
Bahamas,2022,,,,,0,,,,,,,
Bahamas,2023,,,,,0,,,,,,,
Bahamas,2024,,,,,0,,,,,,,
Bahamas,2025,,,,,0,,,,,,,
Bangladesh,2017,2019,,,,0,,,0.81769541954848,-0.0211511473607973,,,
Bangladesh,2018,2019,,,,0,,,0.81769541954848,-0.0211511473607973,,,
Bangladesh,2019,2019,,,,0,,,0.81769541954848,-0.0211511473607973,,,
Bangladesh,2020,2019,17636,6459,0.366239510092992,1,,,0.81769541954848,-0.0211511473607973,17636,0.366239510092992,6459
Bangladesh,2021,2019,76630,12840,0.167558397494454,1,3.34508958947607,-0.198681112598538,0.81769541954848,-0.0211511473607973,76630,0.167558397494454,12840
Bangladesh,2022,2019,139290,73488,0.527589920310144,1,0.81769541954848,0.36003152281569,0.81769541954848,-0.0211511473607973,139290,0.527589920310144,73488
Bangladesh,2023,2019,315379,112537,0.356830987478558,1,1.26418981980042,-0.170758932831587,0.81769541954848,-0.0211511473607973,315379,0.356830987478558,112537
Bangladesh,2024,2019,454040,186539,0.410842657034623,1,0.439664657443901,0.054011669556065,0.81769541954848,-0.0211511473607973,454040,0.410842657034623,186539
Bangladesh,2025,2019,617491,240631,0.389691509673825,1,0.35999251167298,-0.0211511473607973,0.81769541954848,-0.0211511473607973,617491,0.389691509673825,240631
Barbados,2017,2017,,,,0,,,,,,,
Barbados,2018,2017,,,,0,,,,,,,
Barbados,2019,2017,,,,0,,,,,,,
Barbados,2020,2017,,,,0,,,,,,,
Barbados,2021,2017,,,,0,,,,,,,
Barbados,2022,2017,,,,0,,,,,,,
Barbados,2023,2017,,,,0,,,,,,,
Barbados,2024,2017,,,,0,,,,,,,
Barbados,2025,2017,,,,0,,,,,,,
Belize,2017,,,,,0,,,,,,,
Belize,2018,,,,,0,,,,,,,
Belize,2019,,,,,0,,,,,,,
Belize,2020,,,,,0,,,,,,,
Belize,2021,,,,,0,,,,,,,
Belize,2022,,,,,0,,,,,,,
Belize,2023,,,,,0,,,,,,,
Belize,2024,,,,,0,,,,,,,
Belize,2025,,,,,0,,,,,,,
Bermuda,2017,2023,,,,0,,,0.714285714285714,,,,
Bermuda,2018,2023,,,,0,,,0.714285714285714,,,,
Bermuda,2019,2023,,,,0,,,0.714285714285714,,,,
Bermuda,2020,2023,,,,0,,,0.714285714285714,,,,
Bermuda,2021,2023,,,,0,,,0.714285714285714,,,,
Bermuda,2022,2023,,,,0,,,0.714285714285714,,,,
Bermuda,2023,2023,35,10,0.285714285714286,1,,,0.714285714285714,,35,0.285714285714286,10
Bermuda,2024,2023,85,,,0,1.42857142857143,,0.714285714285714,,85,,
Bermuda,2025,2023,85,,,0,0,,0.714285714285714,,85,,
Bolivia,2017,2022,,,,0,,,0.00148071074115586,0.277804538985906,,,
Bolivia,2018,2022,,,,0,,,0.00148071074115586,0.277804538985906,,,
Bolivia,2019,2022,,,,0,,,0.00148071074115586,0.277804538985906,,,
Bolivia,2020,2022,,,,0,,,0.00148071074115586,0.277804538985906,,,
Bolivia,2021,2022,,,,0,,,0.00148071074115586,0.277804538985906,,,
Bolivia,2022,2022,18813,,,0,,,0.00148071074115586,0.277804538985906,18813,,
Bolivia,2023,2022,18813,,,0,0,,0.00148071074115586,0.277804538985906,18813,,
Bolivia,2024,2022,24988,8740,0.349767888586522,1,0.328230478924148,,0.00148071074115586,0.277804538985906,24988,0.349767888586522,8740
Bolivia,2025,2022,25025,15705,0.627572427572428,1,0.00148071074115586,0.277804538985906,0.00148071074115586,0.277804538985906,25025,0.627572427572428,15705
Brazil,2017,,,,,0,,,,,,,
Brazil,2018,,,,,0,,,,,,,
Brazil,2019,,,,,0,,,,,,,
Brazil,2020,,,,,0,,,,,,,
Brazil,2021,,,,,0,,,,,,,
Brazil,2022,,,,,0,,,,,,,
Brazil,2023,,,,,0,,,,,,,
Brazil,2024,,,,,0,,,,,,,
Brazil,2025,,,,,0,,,,,,,
British Virgin Islands,2017,2022,,,,0,,,0,-0.0811751268361357,,,
British Virgin Islands,2018,2022,,,,0,,,0,-0.0811751268361357,,,
British Virgin Islands,2019,2022,,,,0,,,0,-0.0811751268361357,,,
British Virgin Islands,2020,2022,,,,0,,,0,-0.0811751268361357,,,
British Virgin Islands,2021,2022,,,,0,,,0,-0.0811751268361357,,,
British Virgin Islands,2022,2022,423,197,0.465721040189125,1,,,0,-0.0811751268361357,423,0.465721040189125,197
British Virgin Islands,2023,2022,423,197,0.465721040189125,1,0,0,0,-0.0811751268361357,423,0.465721040189125,197
British Virgin Islands,2024,2022,712,216,0.303370786516854,1,0.683215130023641,-0.162350253672271,0,-0.0811751268361357,712,0.303370786516854,216
British Virgin Islands,2025,2022,712,,,0,0,,0,-0.0811751268361357,712,0.222195659680718,158.203309692671
Chile,2017,2017,,,,0,,,0.667312133138528,-0.234132949618494,,,
Chile,2018,2017,8026,,,0,,,0.667312133138528,-0.234132949618494,8026,,
Chile,2019,2017,,,,0,,,0.667312133138528,-0.234132949618494,13381.8471805698,,
Chile,2020,2017,185759,128120,0.689710861923245,1,,,0.667312133138528,-0.234132949618494,185759,0.689710861923245,128120
Chile,2021,2017,429147,177843,0.414410446769988,1,1.31023530488429,-0.275300415153257,0.667312133138528,-0.234132949618494,429147,0.414410446769988,177843
Chile,2022,2017,715522,704784,0.984992774505885,1,0.667312133138528,0.570582327735897,0.667312133138528,-0.234132949618494,715522,0.984992774505885,704784
Chile,2023,2017,881540,539995,0.612558704086031,1,0.232023613529703,-0.372434070419854,0.667312133138528,-0.234132949618494,881540,0.612558704086031,539995
Chile,2024,2017,2112680,1365910,0.646529526478217,1,1.39657871452231,0.033970822392186,0.667312133138528,-0.234132949618494,2112680,0.646529526478217,1365910
Chile,2025,2017,2112680,871262,0.412396576859723,1,0,-0.234132949618494,0.667312133138528,-0.234132949618494,2112680,0.412396576859723,871262
China,2017,2019,,,,0,,,0.0816863045348908,0.00311394603793843,,,
China,2018,2019,,,,0,,,0.0816863045348908,0.00311394603793843,,,
China,2019,2019,,,,0,,,0.0816863045348908,0.00311394603793843,,,
China,2020,2019,176803,47268,0.267348404721639,1,,,0.0816863045348908,0.00311394603793843,176803,0.267348404721639,47268
China,2021,2019,230519,9187,0.0398535478637336,1,0.303818374122611,-0.227494856857906,0.0816863045348908,0.00311394603793843,230519,0.0398535478637336,9187
China,2022,2019,442767,34413,0.0777225945023003,1,0.920739722105336,0.0378690466385667,0.0816863045348908,0.00311394603793843,442767,0.0777225945023003,34413
China,2023,2019,478935,7818,0.0163237182498669,1,0.0816863045348908,-0.0613988762524334,0.0816863045348908,0.00311394603793843,478935,0.0163237182498669,7818
China,2024,2019,493017,12525,0.0254048034854782,1,0.0294027373234365,0.0090810852356113,0.0816863045348908,0.00311394603793843,493017,0.0254048034854782,12525
China,2025,2019,511453,14586,0.0285187495234166,1,0.037394248068525,0.00311394603793843,0.0816863045348908,0.00311394603793843,511453,0.0285187495234166,14586
Colombia,2017,2017,,,,0,,,,,,,
Colombia,2018,2017,,,,0,,,,,,,
Colombia,2019,2017,,,,0,,,,,,,
Colombia,2020,2017,45185,30391,0.672590461436317,1,,,,,45185,0.672590461436317,30391
Colombia,2021,2017,,,,0,,,,,,,
Colombia,2022,2017,,,,0,,,,,,,
Colombia,2023,2017,,,,0,,,,,,,
Colombia,2024,2017,,,,0,,,,,,,
Colombia,2025,2017,,,,0,,,,,,,
Costa Rica,2017,,,,,0,,,,,,,
Costa Rica,2018,,,,,0,,,,,,,
Costa Rica,2019,,,,,0,,,,,,,
Costa Rica,2020,,,,,0,,,,,,,
Costa Rica,2021,,,,,0,,,,,,,
Costa Rica,2022,,,,,0,,,,,,,
Costa Rica,2023,,,,,0,,,,,,,
Costa Rica,2024,,,,,0,,,,,,,
Costa Rica,2025,,,,,0,,,,,,,
Cuba,2017,2017,,,,0,,,0.0490012763030856,-0.033461534540811,,,
Cuba,2018,2017,,,,0,,,0.0490012763030856,-0.033461534540811,,,
Cuba,2019,2017,,,,0,,,0.0490012763030856,-0.033461534540811,,,
Cuba,2020,2017,65832,42881,0.65137015433224,1,,,0.0490012763030856,-0.033461534540811,65832,0.65137015433224,42881
Cuba,2021,2017,109411,67606,0.617908619791429,1,0.661972900716977,-0.033461534540811,0.0490012763030856,-0.033461534540811,109411,0.617908619791429,67606
Cuba,2022,2017,2419488,721249,0.298099845917814,1,21.1137545584996,-0.319808773873615,0.0490012763030856,-0.033461534540811,2419488,0.298099845917814,721249
Cuba,2023,2017,2419488,1458951,0.602999890886006,1,0,0.304900044968192,0.0490012763030856,-0.033461534540811,2419488,0.602999890886006,1458951
Cuba,2024,2017,2538046,788289,0.310588933376306,1,0.0490012763030856,-0.2924109575097,0.0490012763030856,-0.033461534540811,2538046,0.310588933376306,788289
Cuba,2025,2017,2538046,738987,0.29116375353323,1,0,-0.0194251798430761,0.0490012763030856,-0.033461534540811,2538046,0.29116375353323,738987
Dominica,2017,,,,,0,,,,,,,
Dominica,2018,,,,,0,,,,,,,
Dominica,2019,,,,,0,,,,,,,
Dominica,2020,,,,,0,,,,,,,
Dominica,2021,,,,,0,,,,,,,
Dominica,2022,,,,,0,,,,,,,
Dominica,2023,,,,,0,,,,,,,
Dominica,2024,,,,,0,,,,,,,
Dominica,2025,,,,,0,,,,,,,
Dominican Republic,2017,2019,,,,0,,,1.20559334845049,0.035412288730847,,,
Dominican Republic,2018,2019,,,,0,,,1.20559334845049,0.035412288730847,,,
Dominican Republic,2019,2019,,,,0,,,1.20559334845049,0.035412288730847,,,
Dominican Republic,2020,2019,5292,978,0.184807256235828,1,,,1.20559334845049,0.035412288730847,5292,0.184807256235828,978
Dominican Republic,2021,2019,11672,2337,0.200222755311857,1,1.20559334845049,0.0154154990760298,1.20559334845049,0.035412288730847,11672,0.200222755311857,2337
Dominican Republic,2022,2019,72137,44761,0.620499882168651,1,5.18034612748458,0.420277126856794,1.20559334845049,0.035412288730847,72137,0.620499882168651,44761
Dominican Republic,2023,2019,77332,50723,0.655912170899498,1,0.0720157478131889,0.035412288730847,1.20559334845049,0.035412288730847,77332,0.655912170899498,50723
Dominican Republic,2024,2019,146917,134707,0.916891850500623,1,0.89982154864739,0.260979679601125,1.20559334845049,0.035412288730847,146917,0.916891850500623,134707
Dominican Republic,2025,2019,512271,202739,0.395765132127331,1,2.48680547520028,-0.521126718373292,1.20559334845049,0.035412288730847,512271,0.395765132127331,202739
Ecuador,2017,2018,,,,0,,,1.27899319248647,-0.0923501391435499,,,
Ecuador,2018,2018,,,,0,,,1.27899319248647,-0.0923501391435499,,,
Ecuador,2019,2018,,,,0,,,1.27899319248647,-0.0923501391435499,,,
Ecuador,2020,2018,7719,6127,0.793755667832621,1,,,1.27899319248647,-0.0923501391435499,7719,0.793755667832621,6127
Ecuador,2021,2018,31251,26195,0.83821317717833,1,3.04858142246405,0.0444575093457095,1.27899319248647,-0.0923501391435499,31251,0.83821317717833,26195
Ecuador,2022,2018,130591,97403,0.74586303803478,1,3.17877827909507,-0.0923501391435499,1.27899319248647,-0.0923501391435499,130591,0.74586303803478,97403
Ecuador,2023,2018,130591,80679,0.617799082632034,1,0,-0.128063955402746,1.27899319248647,-0.0923501391435499,130591,0.617799082632034,80679
Ecuador,2024,2018,297616,73605,0.247315332509005,1,1.27899319248647,-0.370483750123029,1.27899319248647,-0.0923501391435499,297616,0.247315332509005,73605
Ecuador,2025,2018,297616,243739,0.818971426267405,1,0,0.5716560937584,1.27899319248647,-0.0923501391435499,297616,0.818971426267405,243739
El Salvador,2017,2022,,,,0,,,2.12731547504336,0.054539094576879,,,
El Salvador,2018,2022,,,,0,,,2.12731547504336,0.054539094576879,,,
El Salvador,2019,2022,,,,0,,,2.12731547504336,0.054539094576879,,,
El Salvador,2020,2022,,,,0,,,2.12731547504336,0.054539094576879,,,
El Salvador,2021,2022,,,,0,,,2.12731547504336,0.054539094576879,,,
El Salvador,2022,2022,35648,27068,0.75931328545781,1,,,2.12731547504336,0.054539094576879,35648,0.75931328545781,27068
El Salvador,2023,2022,129725,105577,0.813852380034689,1,2.63905408438061,0.054539094576879,2.12731547504336,0.054539094576879,129725,0.813852380034689,105577
El Salvador,2024,2022,405691,223665,0.551318614413433,1,2.12731547504336,-0.262533765621256,2.12731547504336,0.054539094576879,405691,0.551318614413433,223665
El Salvador,2025,2022,860822,618143,0.718084574976011,1,1.12186614935998,0.166765960562578,2.12731547504336,0.054539094576879,860822,0.718084574976011,618143
Ethiopia,2017,2020,,,,0,,,1.48088169787191,0.0253323992835637,,,
Ethiopia,2018,2020,,,,0,,,1.48088169787191,0.0253323992835637,,,
Ethiopia,2019,2020,,,,0,,,1.48088169787191,0.0253323992835637,,,
Ethiopia,2020,2020,3833,1590,0.414818679885207,1,,,1.48088169787191,0.0253323992835637,3833,0.414818679885207,1590
Ethiopia,2021,2020,9949,3288,0.330485475927229,1,1.5956170101748,-0.0843332039579786,1.48088169787191,0.0253323992835637,9949,0.330485475927229,3288
Ethiopia,2022,2020,12453,4431,0.355817875210793,1,0.25168358629008,0.0253323992835637,1.48088169787191,0.0253323992835637,12453,0.355817875210793,4431
Ethiopia,2023,2020,21787,9415,0.432138431174554,1,0.749538263872159,0.0763205559637611,1.48088169787191,0.0253323992835637,21787,0.432138431174554,9415
Ethiopia,2024,2020,69593,21989,0.315965686204072,1,2.19424427410841,-0.116172744970481,1.48088169787191,0.0253323992835637,69593,0.315965686204072,21989
Ethiopia,2025,2020,172652,62158,0.360018997752705,1,1.48088169787191,0.0440533115486326,1.48088169787191,0.0253323992835637,172652,0.360018997752705,62158
Grenada,2017,2023,,,,0,,,0,,,,
Grenada,2018,2023,,,,0,,,0,,,,
Grenada,2019,2023,,,,0,,,0,,,,
Grenada,2020,2023,,,,0,,,0,,,,
Grenada,2021,2023,,,,0,,,0,,,,
Grenada,2022,2023,,,,0,,,0,,,,
Grenada,2023,2023,717,,,0,,,0,,717,,
Grenada,2024,2023,717,,,0,0,,0,,717,,
Grenada,2025,2023,717,,,0,0,,0,,717,,
Guatemala,2017,2024,,,,0,,,0,,,,
Guatemala,2018,2024,,,,0,,,0,,,,
Guatemala,2019,2024,,,,0,,,0,,,,
Guatemala,2020,2024,,,,0,,,0,,,,
Guatemala,2021,2024,,,,0,,,0,,,,
Guatemala,2022,2024,,,,0,,,0,,,,
Guatemala,2023,2024,,,,0,,,0,,,,
Guatemala,2024,2024,2630,,,0,,,0,,2630,,
Guatemala,2025,2024,2630,,,0,0,,0,,2630,,
Guyana,2017,2023,,,,0,,,3.86916312916919,-0.062097397548123,,,
Guyana,2018,2023,,,,0,,,3.86916312916919,-0.062097397548123,,,
Guyana,2019,2023,,,,0,,,3.86916312916919,-0.062097397548123,,,
Guyana,2020,2023,,,,0,,,3.86916312916919,-0.062097397548123,,,
Guyana,2021,2023,,,,0,,,3.86916312916919,-0.062097397548123,,,
Guyana,2022,2023,,,,0,,,3.86916312916919,-0.062097397548123,,,
Guyana,2023,2023,3298,2384,0.722862340812614,1,,,3.86916312916919,-0.062097397548123,3298,0.722862340812614,2384
Guyana,2024,2023,28819,17458,0.605780908428467,1,7.73832625833839,-0.117081432384146,3.86916312916919,-0.062097397548123,28819,0.605780908428467,17458
Guyana,2025,2023,28819,17253,0.598667545716368,1,0,-0.00711336271209961,3.86916312916919,-0.062097397548123,28819,0.598667545716368,17253
India,2017,2019,,,,0,,,1.08568205990791,-0.0344483962483278,,,
India,2018,2019,,,,0,,,1.08568205990791,-0.0344483962483278,,,
India,2019,2019,184848,,,0,,,1.08568205990791,-0.0344483962483278,184848,,
India,2020,2019,932403,251634,0.269876866548048,1,4.04416060763438,,1.08568205990791,-0.0344483962483278,932403,0.269876866548048,251634
India,2021,2019,1977675,465601,0.235428470299721,1,1.12105173406778,-0.0344483962483278,1.08568205990791,-0.0344483962483278,1977675,0.235428470299721,465601
India,2022,2019,3949604,1036667,0.262473655586737,1,0.997094568116601,0.0270451852870167,1.08568205990791,-0.0344483962483278,3949604,0.262473655586737,1036667
India,2023,2019,8097922,1431496,0.176773251211854,1,1.05031238574804,-0.0857004043748832,1.08568205990791,-0.0344483962483278,8097922,0.176773251211854,1431496
India,2024,2019,18606285,4087827,0.219701407347034,1,1.2976616717227,0.0429281561351795,1.08568205990791,-0.0344483962483278,18606285,0.219701407347034,4087827
India,2025,2019,29642892,5018962,0.169314181625733,1,0.593165535194156,-0.0503872257213001,1.08568205990791,-0.0344483962483278,29642892,0.169314181625733,5018962
Indonesia,2017,2024,,,,0,,,14.7461277557942,-0.0747280342772663,,,
Indonesia,2018,2024,,,,0,,,14.7461277557942,-0.0747280342772663,,,
Indonesia,2019,2024,,,,0,,,14.7461277557942,-0.0747280342772663,,,
Indonesia,2020,2024,,,,0,,,14.7461277557942,-0.0747280342772663,,,
Indonesia,2021,2024,,,,0,,,14.7461277557942,-0.0747280342772663,,,
Indonesia,2022,2024,,,,0,,,14.7461277557942,-0.0747280342772663,,,
Indonesia,2023,2024,,,,0,,,14.7461277557942,-0.0747280342772663,,,
Indonesia,2024,2024,70760,10026,0.141690220463539,1,,,14.7461277557942,-0.0747280342772663,70760,0.141690220463539,10026
Indonesia,2025,2024,1114196,74609,0.0669621861862724,1,14.7461277557942,-0.0747280342772663,14.7461277557942,-0.0747280342772663,1114196,0.0669621861862724,74609
Mexico,2017,2019,,,,0,,,0.0254587815091552,0.0395064796438447,,,
Mexico,2018,2019,,,,0,,,0.0254587815091552,0.0395064796438447,,,
Mexico,2019,2019,,,,0,,,0.0254587815091552,0.0395064796438447,,,
Mexico,2020,2019,3606,1564,0.433721575152524,1,,,0.0254587815091552,0.0395064796438447,3606,0.433721575152524,1564
Mexico,2021,2019,12526,6264,0.500079833945394,1,2.47365501941209,0.06635825879287,0.0254587815091552,0.0395064796438447,12526,0.500079833945394,6264
Mexico,2022,2019,389728,6228,0.0159803760571475,1,30.1135238703497,-0.484099457888246,0.0254587815091552,0.0395064796438447,389728,0.0159803760571475,6228
Mexico,2023,2019,389728,11793,0.0302595656457837,1,0,0.0142791895886362,0.0254587815091552,0.0395064796438447,389728,0.0302595656457837,11793
Mexico,2024,2019,399650,27882,0.0697660452896284,1,0.0254587815091552,0.0395064796438447,0.0254587815091552,0.0395064796438447,399650,0.0697660452896284,27882
Mexico,2025,2019,399710,216376,0.541332466037877,1,0.00015013136494435,0.471566420748249,0.0254587815091552,0.0395064796438447,399710,0.541332466037877,216376
Nigeria,2017,2020,,,,0,,,0.166498371025206,0.0707419469084015,,,
Nigeria,2018,2020,,,,0,,,0.166498371025206,0.0707419469084015,,,
Nigeria,2019,2020,,,,0,,,0.166498371025206,0.0707419469084015,,,
Nigeria,2020,2020,1071,301,0.281045751633987,1,,,0.166498371025206,0.0707419469084015,1071,0.281045751633987,301
Nigeria,2021,2020,15299,5382,0.351787698542388,1,13.2847805788982,0.0707419469084015,0.166498371025206,0.0707419469084015,15299,0.351787698542388,5382
Nigeria,2022,2020,16979,7196,0.423817657105837,1,0.109811098764625,0.0720299585634482,0.166498371025206,0.0707419469084015,16979,0.423817657105837,7196
Nigeria,2023,2020,45794,10489,0.22904747346814,1,1.69709641321633,-0.194770183637697,0.166498371025206,0.0707419469084015,45794,0.22904747346814,10489
Nigeria,2024,2020,52487,4340,0.0826871415779145,1,0.146154518059134,-0.146360331890225,0.166498371025206,0.0707419469084015,52487,0.0826871415779145,4340
Nigeria,2025,2020,61226,13253,0.216460327311926,1,0.166498371025206,0.133773185734012,0.166498371025206,0.0707419469084015,61226,0.216460327311926,13253
Pakistan,2017,2024,,,,0,,,10.1825396825397,,,,
Pakistan,2018,2024,,,,0,,,10.1825396825397,,,,
Pakistan,2019,2024,,,,0,,,10.1825396825397,,,,
Pakistan,2020,2024,,,,0,,,10.1825396825397,,,,
Pakistan,2021,2024,,,,0,,,10.1825396825397,,,,
Pakistan,2022,2024,,,,0,,,10.1825396825397,,,,
Pakistan,2023,2024,,,,0,,,10.1825396825397,,,,
Pakistan,2024,2024,126,,,0,,,10.1825396825397,,126,,
Pakistan,2025,2024,1409,91,0.0645848119233499,1,10.1825396825397,,10.1825396825397,,1409,0.0645848119233499,91
Panama,2017,2018,,,,0,,,0.0753707066121956,-0.15106162217741,,,
Panama,2018,2018,,,,0,,,0.0753707066121956,-0.15106162217741,,,
Panama,2019,2018,,,,0,,,0.0753707066121956,-0.15106162217741,,,
Panama,2020,2018,52872,40492,0.765849599031624,1,,,0.0753707066121956,-0.15106162217741,52872,0.765849599031624,40492
Panama,2021,2018,56857,34955,0.614787976854213,1,0.0753707066121956,-0.15106162217741,0.0753707066121956,-0.15106162217741,56857,0.614787976854213,34955
Panama,2022,2018,61288,27994,0.456761519383892,1,0.0779323566139614,-0.158026457470321,0.0753707066121956,-0.15106162217741,61288,0.456761519383892,27994
Panama,2023,2018,61288,17247,0.281409084975852,1,0,-0.175352434408041,0.0753707066121956,-0.15106162217741,61288,0.281409084975852,17247
Panama,2024,2018,95459,41192,0.431515100723871,1,0.557547970238872,0.150106015748019,0.0753707066121956,-0.15106162217741,95459,0.431515100723871,41192
Panama,2025,2018,95566,41851,0.437927714877676,1,0.00112090007228227,0.00641261415380517,0.0753707066121956,-0.15106162217741,95566,0.437927714877676,41851
Peru,2017,2020,,,,0,,,0.06638689296333,-0.0973470416693912,,,
Peru,2018,2020,,,,0,,,0.06638689296333,-0.0973470416693912,,,
Peru,2019,2020,,,,0,,,0.06638689296333,-0.0973470416693912,,,
Peru,2020,2020,7655,5568,0.727367733507511,1,,,0.06638689296333,-0.0973470416693912,7655,0.727367733507511,5568
Peru,2021,2020,7655,5325,0.695623775310255,1,0,-0.0317439581972566,0.06638689296333,-0.0973470416693912,7655,0.695623775310255,5325
Peru,2022,2020,56896,30307,0.532673650168729,1,6.43252775963423,-0.162950125141526,0.06638689296333,-0.0973470416693912,56896,0.532673650168729,30307
Peru,2023,2020,64576,44791,0.693616823587711,1,0.134983127109111,0.160943173418982,0.06638689296333,-0.0973470416693912,64576,0.693616823587711,44791
Peru,2024,2020,68863,25391,0.368717598710483,1,0.06638689296333,-0.324899224877227,0.06638689296333,-0.0973470416693912,68863,0.368717598710483,25391
Peru,2025,2020,68928,,,0,0.000943903111976008,,0.06638689296333,-0.0973470416693912,68928,0.271370557041092,18705.0297557284
Philippines,2017,2021,,,,0,,,1.53098099630112,-0.083823988038804,,,
Philippines,2018,2021,,,,0,,,1.53098099630112,-0.083823988038804,,,
Philippines,2019,2021,,,,0,,,1.53098099630112,-0.083823988038804,,,
Philippines,2020,2021,,,,0,,,1.53098099630112,-0.083823988038804,,,
Philippines,2021,2021,5788,815,0.140808569454043,1,,,1.53098099630112,-0.083823988038804,5788,0.140808569454043,815
Philippines,2022,2021,22395,17891,0.798883679392722,1,2.86921216309606,0.658075109938679,1.53098099630112,-0.083823988038804,22395,0.798883679392722,17891
Philippines,2023,2021,61956,41598,0.671411969785009,1,1.76651038178165,-0.127471709607713,1.53098099630112,-0.083823988038804,61956,0.671411969785009,41598
Philippines,2024,2021,142217,83565,0.587587981746205,1,1.29545161082058,-0.083823988038804,1.53098099630112,-0.083823988038804,142217,0.587587981746205,83565
Philippines,2025,2021,159287,,,0,0.120027844772425,,1.53098099630112,-0.083823988038804,159287,0.503763993707401,80243.0552656707
Rwanda,2017,,,,,0,,,,,,,
Rwanda,2018,,,,,0,,,,,,,
Rwanda,2019,,,,,0,,,,,,,
Rwanda,2020,,,,,0,,,,,,,
Rwanda,2021,,,,,0,,,,,,,
Rwanda,2022,,,,,0,,,,,,,
Rwanda,2023,,,,,0,,,,,,,
Rwanda,2024,,,,,0,,,,,,,
Rwanda,2025,,,,,0,,,,,,,
Saint Lucia,2017,2019,,,,0,,,0.12780487804878,0.0263912566461305,,,
Saint Lucia,2018,2019,,,,0,,,0.12780487804878,0.0263912566461305,,,
Saint Lucia,2019,2019,,,,0,,,0.12780487804878,0.0263912566461305,,,
Saint Lucia,2020,2019,1406,133,0.0945945945945946,1,,,0.12780487804878,0.0263912566461305,1406,0.0945945945945946,133
Saint Lucia,2021,2019,2050,618,0.301463414634146,1,0.458036984352774,0.206868820039552,0.12780487804878,0.0263912566461305,2050,0.301463414634146,618
Saint Lucia,2022,2019,2312,758,0.327854671280277,1,0.12780487804878,0.0263912566461305,0.12780487804878,0.0263912566461305,2312,0.327854671280277,758
Saint Lucia,2023,2019,5012,1601,0.319433359936153,1,1.16782006920415,-0.00842131134412361,0.12780487804878,0.0263912566461305,5012,0.319433359936153,1601
Saint Lucia,2024,2019,5012,,,0,0,,0.12780487804878,0.0263912566461305,5012,0.345824616582284,1733.27297831041
Saint Lucia,2025,2019,5012,2371,0.473064644852354,1,0,,0.12780487804878,0.0263912566461305,5012,0.473064644852354,2371
Sri Lanka,2017,2022,,,,0,,,2.61383671713179,-0.200486783829962,,,
Sri Lanka,2018,2022,,,,0,,,2.61383671713179,-0.200486783829962,,,
Sri Lanka,2019,2022,,,,0,,,2.61383671713179,-0.200486783829962,,,
Sri Lanka,2020,2022,,,,0,,,2.61383671713179,-0.200486783829962,,,
Sri Lanka,2021,2022,,,,0,,,2.61383671713179,-0.200486783829962,,,
Sri Lanka,2022,2022,5306,2281,0.429890689785149,1,,,2.61383671713179,-0.200486783829962,5306,0.429890689785149,2281
Sri Lanka,2023,2022,16766,7962,0.474889657640463,1,2.15981907274783,0.0449989678553139,2.61383671713179,-0.200486783829962,16766,0.474889657640463,7962
Sri Lanka,2024,2022,99937,27423,0.274402873810501,1,4.9606942621973,-0.200486783829962,2.61383671713179,-0.200486783829962,99937,0.274402873810501,27423
Sri Lanka,2025,2022,361156,48,0.000132906555615856,1,2.61383671713179,-0.274269967254885,2.61383671713179,-0.200486783829962,361156,0.000132906555615856,48
St Kitts and Nevis,2017,2023,,,,0,,,0,,,,
St Kitts and Nevis,2018,2023,,,,0,,,0,,,,
St Kitts and Nevis,2019,2023,,,,0,,,0,,,,
St Kitts and Nevis,2020,2023,,,,0,,,0,,,,
St Kitts and Nevis,2021,2023,,,,0,,,0,,,,
St Kitts and Nevis,2022,2023,,,,0,,,0,,,,
St Kitts and Nevis,2023,2023,263,32,0.121673003802281,1,,,0,,263,0.121673003802281,32
St Kitts and Nevis,2024,2023,263,,,0,0,,0,,263,,
St Kitts and Nevis,2025,2023,263,,,0,0,,0,,263,,
Suriname,2017,2023,,,,0,,,0.129115689976035,,,,
Suriname,2018,2023,,,,0,,,0.129115689976035,,,,
Suriname,2019,2023,,,,0,,,0.129115689976035,,,,
Suriname,2020,2023,,,,0,,,0.129115689976035,,,,
Suriname,2021,2023,,,,0,,,0.129115689976035,,,,
Suriname,2022,2023,,,,0,,,0.129115689976035,,,,
Suriname,2023,2023,1737,541,0.311456534254462,1,,,0.129115689976035,,1737,0.311456534254462,541
Suriname,2024,2023,2150,,,0,0.237766263672999,,0.129115689976035,,2150,,
Suriname,2025,2023,2194,,,0,0.0204651162790697,,0.129115689976035,,2194,,
Thailand,2017,2017,4e+05,,,0,,,0.526985343400706,-0.0322345734326832,4e+05,,
Thailand,2018,2017,761912,,,0,0.90478,,0.526985343400706,-0.0322345734326832,761912,,
Thailand,2019,2017,1479640,,,0,0.942009050914016,,0.526985343400706,-0.0322345734326832,1479640,,
Thailand,2020,2017,1972582,1168360,0.592299838485802,1,0.333149955394555,,0.526985343400706,-0.0322345734326832,1972582,0.592299838485802,1168360
Thailand,2021,2017,3394460,1473870,0.434198664883369,1,0.720820731406857,-0.158101173602433,0.526985343400706,-0.0322345734326832,3394460,0.434198664883369,1473870
Thailand,2022,2017,3821207,1535988,0.401964091450686,1,0.125718671011,-0.0322345734326832,0.526985343400706,-0.0322345734326832,3821207,0.401964091450686,1535988
Thailand,2023,2017,7853902,3882569,0.494349050955818,1,1.05534586323117,0.0923849595051323,0.526985343400706,-0.0322345734326832,7853902,0.494349050955818,3882569
Thailand,2024,2017,8117689,3605590,0.444164589207593,1,0.0335867445252054,-0.0501844617482244,0.526985343400706,-0.0322345734326832,8117689,0.444164589207593,3605590
Thailand,2025,2017,8464850,4454211,0.526200818679599,1,0.0427659891873167,0.0820362294720051,0.526985343400706,-0.0322345734326832,8464850,0.526200818679599,4454211
Trinidad and Tobago,2017,2018,,,,0,,,0.0965401085807458,0.0217576829731145,,,
Trinidad and Tobago,2018,2018,,,,0,,,0.0965401085807458,0.0217576829731145,,,
Trinidad and Tobago,2019,2018,,,,0,,,0.0965401085807458,0.0217576829731145,,,
Trinidad and Tobago,2020,2018,12527,4758,0.379819589686278,1,,,0.0965401085807458,0.0217576829731145,12527,0.379819589686278,4758
Trinidad and Tobago,2021,2018,12527,4758,0.379819589686278,1,0,0,0.0965401085807458,0.0217576829731145,12527,0.379819589686278,4758
Trinidad and Tobago,2022,2018,35409,5386,0.152108221073738,1,1.82661451265267,-0.227711368612539,0.0965401085807458,0.0217576829731145,35409,0.152108221073738,5386
Trinidad and Tobago,2023,2018,55811,20809,0.372847646521295,1,0.576181196870852,0.220739425447557,0.0965401085807458,0.0217576829731145,55811,0.372847646521295,20809
Trinidad and Tobago,2024,2018,61199,25481,0.416363012467524,1,0.0965401085807458,0.0435153659462289,0.0965401085807458,0.0217576829731145,61199,0.416363012467524,25481
Trinidad and Tobago,2025,2018,61199,,,0,0,,0.0965401085807458,0.0217576829731145,61199,0.438120695440638,26812.5484402716
Turks and Caicos,2017,2025,,,,0,,,,,,,
Turks and Caicos,2018,2025,,,,0,,,,,,,
Turks and Caicos,2019,2025,,,,0,,,,,,,
Turks and Caicos,2020,2025,,,,0,,,,,,,
Turks and Caicos,2021,2025,,,,0,,,,,,,
Turks and Caicos,2022,2025,,,,0,,,,,,,
Turks and Caicos,2023,2025,,,,0,,,,,,,
Turks and Caicos,2024,2025,,,,0,,,,,,,
Turks and Caicos,2025,2025,9,,,0,,,,,9,,
Uganda,2017,2025,,,,0,,,,,,,
Uganda,2018,2025,,,,0,,,,,,,
Uganda,2019,2025,,,,0,,,,,,,
Uganda,2020,2025,,,,0,,,,,,,
Uganda,2021,2025,,,,0,,,,,,,
Uganda,2022,2025,,,,0,,,,,,,
Uganda,2023,2025,,,,0,,,,,,,
Uganda,2024,2025,,,,0,,,,,,,
Uganda,2025,2025,2649,746,0.28161570403926,1,,,,,2649,0.28161570403926,746
Uruguay,2017,2024,,,,0,,,0,,,,
Uruguay,2018,2024,,,,0,,,0,,,,
Uruguay,2019,2024,,,,0,,,0,,,,
Uruguay,2020,2024,,,,0,,,0,,,,
Uruguay,2021,2024,,,,0,,,0,,,,
Uruguay,2022,2024,,,,0,,,0,,,,
Uruguay,2023,2024,,,,0,,,0,,,,
Uruguay,2024,2024,10035,,,0,,,0,,10035,,
Uruguay,2025,2024,10035,,,0,0,,0,,10035,,
Vietnam,2017,2019,,,,0,,,0.500167842775775,-0.0251595225280383,,,
Vietnam,2018,2019,,,,0,,,0.500167842775775,-0.0251595225280383,,,
Vietnam,2019,2019,,,,0,,,0.500167842775775,-0.0251595225280383,,,
Vietnam,2020,2019,332281,127647,0.384153773462822,1,,,0.500167842775775,-0.0251595225280383,332281,0.384153773462822,127647
Vietnam,2021,2019,144777,79305,0.547773472305684,1,-0.564293474498993,0.163619698842862,0.500167842775775,-0.0251595225280383,144777,0.547773472305684,79305
Vietnam,2022,2019,544273,166070,0.305122613100411,1,2.75938857691484,-0.242650859205273,0.500167842775775,-0.0251595225280383,544273,0.305122613100411,166070
Vietnam,2023,2019,1102222,254544,0.230937143334101,1,1.02512709614477,-0.0741854697663095,0.500167842775775,-0.0251595225280383,1102222,0.230937143334101,254544
Vietnam,2024,2019,1653518,340257,0.205777620806063,1,0.500167842775775,-0.0251595225280383,0.500167842775775,-0.0251595225280383,1653518,0.205777620806063,340257
Vietnam,2025,2019,2052348,399520,0.194664842414639,1,0.241200881998261,-0.0111127783914239,0.500167842775775,-0.0251595225280383,2052348,0.194664842414639,399520
