location,start_year,year,enrolled,control_rate,control_rate_imputed,control_rate_observed,htncov2,control_rate_program,control_rate_bau_upper,control_rate_bau_conservative
Argentina,2018,2017,1,,,0,0.123638651013072,0,0,0
Argentina,2018,2018,1,,,0,0.123638651013072,0,0,0
Argentina,2018,2019,1,,,0,0.123638651013072,0,0,0
Argentina,2018,2020,5602,0.327740092823991,0.327740092823991,1,0.123638651013072,0.327740092823991,0,0.204101441810919
Argentina,2018,2021,5602,0.332559800071403,0.332559800071403,1,0.123638651013072,0.332559800071403,0,0.208921149058331
Argentina,2018,2022,5602,0.0523027490182078,0.0523027490182078,1,0.123638651013072,0.0523027490182078,0,0.0523027490182078
Argentina,2018,2023,28352,0.312464729119639,0.312464729119639,1,0.123638651013072,0.312464729119639,0,0.188826078106567
Argentina,2018,2024,41960,,0.317284436367051,0,0.123638651013072,0.317284436367051,0,0.193645785353979
Argentina,2018,2025,41960,,0.322104143614462,0,0.123638651013072,0.322104143614462,0,0.19846549260139
Argentina,2018,2026,41960,,0.322104143614462,0,0.123638651013072,0.322104143614462,0,0.19846549260139
Argentina,2018,2027,41960,,0.322104143614462,0,0.123638651013072,0.322104143614462,0,0.19846549260139
Argentina,2018,2028,41960,,0.322104143614462,0,0.123638651013072,0.322104143614462,0,0.19846549260139
Argentina,2018,2029,41960,,0.322104143614462,0,0.123638651013072,0.322104143614462,0,0.19846549260139
Argentina,2018,2030,41960,,0.322104143614462,0,0.123638651013072,0.322104143614462,0,0.19846549260139
Argentina,2018,2031,41960,,0.322104143614462,0,0.123638651013072,0.322104143614462,0,0.19846549260139
Argentina,2018,2032,41960,,0.322104143614462,0,0.123638651013072,0.322104143614462,0,0.19846549260139
Argentina,2018,2033,41960,,0.322104143614462,0,0.123638651013072,0.322104143614462,0,0.19846549260139
Argentina,2018,2034,41960,,0.322104143614462,0,0.123638651013072,0.322104143614462,0,0.19846549260139
Argentina,2018,2035,41960,,0.322104143614462,0,0.123638651013072,0.322104143614462,0,0.19846549260139
Argentina,2018,2036,41960,,0.322104143614462,0,0.123638651013072,0.322104143614462,0,0.19846549260139
Argentina,2018,2037,41960,,0.322104143614462,0,0.123638651013072,0.322104143614462,0,0.19846549260139
Argentina,2018,2038,41960,,0.322104143614462,0,0.123638651013072,0.322104143614462,0,0.19846549260139
Argentina,2018,2039,41960,,0.322104143614462,0,0.123638651013072,0.322104143614462,0,0.19846549260139
Argentina,2018,2040,41960,,0.322104143614462,0,0.123638651013072,0.322104143614462,0,0.19846549260139
Argentina,2018,2041,41960,,0.322104143614462,0,0.123638651013072,0.322104143614462,0,0.19846549260139
Argentina,2018,2042,41960,,0.322104143614462,0,0.123638651013072,0.322104143614462,0,0.19846549260139
Argentina,2018,2043,41960,,0.322104143614462,0,0.123638651013072,0.322104143614462,0,0.19846549260139
Argentina,2018,2044,41960,,0.322104143614462,0,0.123638651013072,0.322104143614462,0,0.19846549260139
Argentina,2018,2045,41960,,0.322104143614462,0,0.123638651013072,0.322104143614462,0,0.19846549260139
Argentina,2018,2046,41960,,0.322104143614462,0,0.123638651013072,0.322104143614462,0,0.19846549260139
Argentina,2018,2047,41960,,0.322104143614462,0,0.123638651013072,0.322104143614462,0,0.19846549260139
Argentina,2018,2048,41960,,0.322104143614462,0,0.123638651013072,0.322104143614462,0,0.19846549260139
Argentina,2018,2049,41960,,0.322104143614462,0,0.123638651013072,0.322104143614462,0,0.19846549260139
Argentina,2018,2050,41960,,0.322104143614462,0,0.123638651013072,0.322104143614462,0,0.19846549260139
Bangladesh,2019,2017,1,,,0,0.143925810911918,0,0,0
Bangladesh,2019,2018,1,,,0,0.143925810911918,0,0,0
Bangladesh,2019,2019,1,,,0,0.143925810911918,0,0,0
Bangladesh,2019,2020,17636,0.366239510092992,0.366239510092992,1,0.143925810911918,0.366239510092992,0,0.222313699181074
Bangladesh,2019,2021,76630,0.167558397494454,0.167558397494454,1,0.143925810911918,0.167558397494454,0,0.0236325865825359
Bangladesh,2019,2022,139290,0.527589920310144,0.527589920310144,1,0.143925810911918,0.527589920310144,0,0.383664109398226
Bangladesh,2019,2023,315379,0.356830987478558,0.356830987478558,1,0.143925810911918,0.356830987478558,0,0.21290517656664
Bangladesh,2019,2024,454040,0.410842657034623,0.410842657034623,1,0.143925810911918,0.410842657034623,0,0.266916846122705
Bangladesh,2019,2025,617491,0.389691509673825,0.389691509673825,1,0.143925810911918,0.389691509673825,0,0.245765698761907
Bangladesh,2019,2026,617491,0.389691509673825,0.389691509673825,1,0.143925810911918,0.389691509673825,0,0.245765698761907
Bangladesh,2019,2027,617491,0.389691509673825,0.389691509673825,1,0.143925810911918,0.389691509673825,0,0.245765698761907
Bangladesh,2019,2028,617491,0.389691509673825,0.389691509673825,1,0.143925810911918,0.389691509673825,0,0.245765698761907
Bangladesh,2019,2029,617491,0.389691509673825,0.389691509673825,1,0.143925810911918,0.389691509673825,0,0.245765698761907
Bangladesh,2019,2030,617491,0.389691509673825,0.389691509673825,1,0.143925810911918,0.389691509673825,0,0.245765698761907
Bangladesh,2019,2031,617491,0.389691509673825,0.389691509673825,1,0.143925810911918,0.389691509673825,0,0.245765698761907
Bangladesh,2019,2032,617491,0.389691509673825,0.389691509673825,1,0.143925810911918,0.389691509673825,0,0.245765698761907
Bangladesh,2019,2033,617491,0.389691509673825,0.389691509673825,1,0.143925810911918,0.389691509673825,0,0.245765698761907
Bangladesh,2019,2034,617491,0.389691509673825,0.389691509673825,1,0.143925810911918,0.389691509673825,0,0.245765698761907
Bangladesh,2019,2035,617491,0.389691509673825,0.389691509673825,1,0.143925810911918,0.389691509673825,0,0.245765698761907
Bangladesh,2019,2036,617491,0.389691509673825,0.389691509673825,1,0.143925810911918,0.389691509673825,0,0.245765698761907
Bangladesh,2019,2037,617491,0.389691509673825,0.389691509673825,1,0.143925810911918,0.389691509673825,0,0.245765698761907
Bangladesh,2019,2038,617491,0.389691509673825,0.389691509673825,1,0.143925810911918,0.389691509673825,0,0.245765698761907
Bangladesh,2019,2039,617491,0.389691509673825,0.389691509673825,1,0.143925810911918,0.389691509673825,0,0.245765698761907
Bangladesh,2019,2040,617491,0.389691509673825,0.389691509673825,1,0.143925810911918,0.389691509673825,0,0.245765698761907
Bangladesh,2019,2041,617491,0.389691509673825,0.389691509673825,1,0.143925810911918,0.389691509673825,0,0.245765698761907
Bangladesh,2019,2042,617491,0.389691509673825,0.389691509673825,1,0.143925810911918,0.389691509673825,0,0.245765698761907
Bangladesh,2019,2043,617491,0.389691509673825,0.389691509673825,1,0.143925810911918,0.389691509673825,0,0.245765698761907
Bangladesh,2019,2044,617491,0.389691509673825,0.389691509673825,1,0.143925810911918,0.389691509673825,0,0.245765698761907
Bangladesh,2019,2045,617491,0.389691509673825,0.389691509673825,1,0.143925810911918,0.389691509673825,0,0.245765698761907
Bangladesh,2019,2046,617491,0.389691509673825,0.389691509673825,1,0.143925810911918,0.389691509673825,0,0.245765698761907
Bangladesh,2019,2047,617491,0.389691509673825,0.389691509673825,1,0.143925810911918,0.389691509673825,0,0.245765698761907
Bangladesh,2019,2048,617491,0.389691509673825,0.389691509673825,1,0.143925810911918,0.389691509673825,0,0.245765698761907
Bangladesh,2019,2049,617491,0.389691509673825,0.389691509673825,1,0.143925810911918,0.389691509673825,0,0.245765698761907
Bangladesh,2019,2050,617491,0.389691509673825,0.389691509673825,1,0.143925810911918,0.389691509673825,0,0.245765698761907
Bermuda,2023,2017,1,,,0,0.193419371108265,0,0,0
Bermuda,2023,2018,1,,,0,0.193419371108265,0,0,0
Bermuda,2023,2019,1,,,0,0.193419371108265,0,0,0
Bermuda,2023,2020,1,,,0,0.193419371108265,0,0,0
Bermuda,2023,2021,1,,,0,0.193419371108265,0,0,0
Bermuda,2023,2022,1,,,0,0.193419371108265,0,0,0
Bermuda,2023,2023,35,0.285714285714286,0.285714285714286,1,0.193419371108265,0.285714285714286,0,0.0922949146060207
Bermuda,2023,2024,85,,,0,0.193419371108265,0,0,0
Bermuda,2023,2025,85,,,0,0.193419371108265,0,0,0
Bermuda,2023,2026,85,,,0,0.193419371108265,0,0,0
Bermuda,2023,2027,85,,,0,0.193419371108265,0,0,0
Bermuda,2023,2028,85,,,0,0.193419371108265,0,0,0
Bermuda,2023,2029,85,,,0,0.193419371108265,0,0,0
Bermuda,2023,2030,85,,,0,0.193419371108265,0,0,0
Bermuda,2023,2031,85,,,0,0.193419371108265,0,0,0
Bermuda,2023,2032,85,,,0,0.193419371108265,0,0,0
Bermuda,2023,2033,85,,,0,0.193419371108265,0,0,0
Bermuda,2023,2034,85,,,0,0.193419371108265,0,0,0
Bermuda,2023,2035,85,,,0,0.193419371108265,0,0,0
Bermuda,2023,2036,85,,,0,0.193419371108265,0,0,0
Bermuda,2023,2037,85,,,0,0.193419371108265,0,0,0
Bermuda,2023,2038,85,,,0,0.193419371108265,0,0,0
Bermuda,2023,2039,85,,,0,0.193419371108265,0,0,0
Bermuda,2023,2040,85,,,0,0.193419371108265,0,0,0
Bermuda,2023,2041,85,,,0,0.193419371108265,0,0,0
Bermuda,2023,2042,85,,,0,0.193419371108265,0,0,0
Bermuda,2023,2043,85,,,0,0.193419371108265,0,0,0
Bermuda,2023,2044,85,,,0,0.193419371108265,0,0,0
Bermuda,2023,2045,85,,,0,0.193419371108265,0,0,0
Bermuda,2023,2046,85,,,0,0.193419371108265,0,0,0
Bermuda,2023,2047,85,,,0,0.193419371108265,0,0,0
Bermuda,2023,2048,85,,,0,0.193419371108265,0,0,0
Bermuda,2023,2049,85,,,0,0.193419371108265,0,0,0
Bermuda,2023,2050,85,,,0,0.193419371108265,0,0,0
Bolivia,2022,2017,1,,,0,0.2219998473626,0,0,0
Bolivia,2022,2018,1,,,0,0.2219998473626,0,0,0
Bolivia,2022,2019,1,,,0,0.2219998473626,0,0,0
Bolivia,2022,2020,1,,,0,0.2219998473626,0,0,0
Bolivia,2022,2021,1,,,0,0.2219998473626,0,0,0
Bolivia,2022,2022,18813,,,0,0.2219998473626,0,0,0
Bolivia,2022,2023,18813,,,0,0.2219998473626,0,0,0
Bolivia,2022,2024,24988,0.349767888586522,0.349767888586522,1,0.2219998473626,0.349767888586522,0,0.127768041223922
Bolivia,2022,2025,25025,0.627572427572428,0.627572427572428,1,0.2219998473626,0.627572427572428,0,0.405572580209828
Bolivia,2022,2026,25025,0.627572427572428,0.627572427572428,1,0.2219998473626,0.627572427572428,0,0.405572580209828
Bolivia,2022,2027,25025,0.627572427572428,0.627572427572428,1,0.2219998473626,0.627572427572428,0,0.405572580209828
Bolivia,2022,2028,25025,0.627572427572428,0.627572427572428,1,0.2219998473626,0.627572427572428,0,0.405572580209828
Bolivia,2022,2029,25025,0.627572427572428,0.627572427572428,1,0.2219998473626,0.627572427572428,0,0.405572580209828
Bolivia,2022,2030,25025,0.627572427572428,0.627572427572428,1,0.2219998473626,0.627572427572428,0,0.405572580209828
Bolivia,2022,2031,25025,0.627572427572428,0.627572427572428,1,0.2219998473626,0.627572427572428,0,0.405572580209828
Bolivia,2022,2032,25025,0.627572427572428,0.627572427572428,1,0.2219998473626,0.627572427572428,0,0.405572580209828
Bolivia,2022,2033,25025,0.627572427572428,0.627572427572428,1,0.2219998473626,0.627572427572428,0,0.405572580209828
Bolivia,2022,2034,25025,0.627572427572428,0.627572427572428,1,0.2219998473626,0.627572427572428,0,0.405572580209828
Bolivia,2022,2035,25025,0.627572427572428,0.627572427572428,1,0.2219998473626,0.627572427572428,0,0.405572580209828
Bolivia,2022,2036,25025,0.627572427572428,0.627572427572428,1,0.2219998473626,0.627572427572428,0,0.405572580209828
Bolivia,2022,2037,25025,0.627572427572428,0.627572427572428,1,0.2219998473626,0.627572427572428,0,0.405572580209828
Bolivia,2022,2038,25025,0.627572427572428,0.627572427572428,1,0.2219998473626,0.627572427572428,0,0.405572580209828
Bolivia,2022,2039,25025,0.627572427572428,0.627572427572428,1,0.2219998473626,0.627572427572428,0,0.405572580209828
Bolivia,2022,2040,25025,0.627572427572428,0.627572427572428,1,0.2219998473626,0.627572427572428,0,0.405572580209828
Bolivia,2022,2041,25025,0.627572427572428,0.627572427572428,1,0.2219998473626,0.627572427572428,0,0.405572580209828
Bolivia,2022,2042,25025,0.627572427572428,0.627572427572428,1,0.2219998473626,0.627572427572428,0,0.405572580209828
Bolivia,2022,2043,25025,0.627572427572428,0.627572427572428,1,0.2219998473626,0.627572427572428,0,0.405572580209828
Bolivia,2022,2044,25025,0.627572427572428,0.627572427572428,1,0.2219998473626,0.627572427572428,0,0.405572580209828
Bolivia,2022,2045,25025,0.627572427572428,0.627572427572428,1,0.2219998473626,0.627572427572428,0,0.405572580209828
Bolivia,2022,2046,25025,0.627572427572428,0.627572427572428,1,0.2219998473626,0.627572427572428,0,0.405572580209828
Bolivia,2022,2047,25025,0.627572427572428,0.627572427572428,1,0.2219998473626,0.627572427572428,0,0.405572580209828
Bolivia,2022,2048,25025,0.627572427572428,0.627572427572428,1,0.2219998473626,0.627572427572428,0,0.405572580209828
Bolivia,2022,2049,25025,0.627572427572428,0.627572427572428,1,0.2219998473626,0.627572427572428,0,0.405572580209828
Bolivia,2022,2050,25025,0.627572427572428,0.627572427572428,1,0.2219998473626,0.627572427572428,0,0.405572580209828
Chile,2017,2017,1,,,0,0.28943373769117,0,0,0
Chile,2017,2018,8026,,,0,0.28943373769117,0,0,0
Chile,2017,2019,1,,,0,0.28943373769117,0,0,0
Chile,2017,2020,185759,0.689710861923245,0.689710861923245,1,0.28943373769117,0.689710861923245,0,0.400277124232075
Chile,2017,2021,429147,0.414410446769988,0.414410446769988,1,0.28943373769117,0.414410446769988,0,0.124976709078818
Chile,2017,2022,715522,0.984992774505885,0.984992774505885,1,0.28943373769117,0.984992774505885,0,0.695559036814715
Chile,2017,2023,881540,0.612558704086031,0.612558704086031,1,0.28943373769117,0.612558704086031,0,0.323124966394861
Chile,2017,2024,2112680,0.646529526478217,0.646529526478217,1,0.28943373769117,0.646529526478217,0,0.357095788787047
Chile,2017,2025,2112680,0.412396576859723,0.412396576859723,1,0.28943373769117,0.412396576859723,0,0.122962839168553
Chile,2017,2026,2112680,0.412396576859723,0.412396576859723,1,0.28943373769117,0.412396576859723,0,0.122962839168553
Chile,2017,2027,2112680,0.412396576859723,0.412396576859723,1,0.28943373769117,0.412396576859723,0,0.122962839168553
Chile,2017,2028,2112680,0.412396576859723,0.412396576859723,1,0.28943373769117,0.412396576859723,0,0.122962839168553
Chile,2017,2029,2112680,0.412396576859723,0.412396576859723,1,0.28943373769117,0.412396576859723,0,0.122962839168553
Chile,2017,2030,2112680,0.412396576859723,0.412396576859723,1,0.28943373769117,0.412396576859723,0,0.122962839168553
Chile,2017,2031,2112680,0.412396576859723,0.412396576859723,1,0.28943373769117,0.412396576859723,0,0.122962839168553
Chile,2017,2032,2112680,0.412396576859723,0.412396576859723,1,0.28943373769117,0.412396576859723,0,0.122962839168553
Chile,2017,2033,2112680,0.412396576859723,0.412396576859723,1,0.28943373769117,0.412396576859723,0,0.122962839168553
Chile,2017,2034,2112680,0.412396576859723,0.412396576859723,1,0.28943373769117,0.412396576859723,0,0.122962839168553
Chile,2017,2035,2112680,0.412396576859723,0.412396576859723,1,0.28943373769117,0.412396576859723,0,0.122962839168553
Chile,2017,2036,2112680,0.412396576859723,0.412396576859723,1,0.28943373769117,0.412396576859723,0,0.122962839168553
Chile,2017,2037,2112680,0.412396576859723,0.412396576859723,1,0.28943373769117,0.412396576859723,0,0.122962839168553
Chile,2017,2038,2112680,0.412396576859723,0.412396576859723,1,0.28943373769117,0.412396576859723,0,0.122962839168553
Chile,2017,2039,2112680,0.412396576859723,0.412396576859723,1,0.28943373769117,0.412396576859723,0,0.122962839168553
Chile,2017,2040,2112680,0.412396576859723,0.412396576859723,1,0.28943373769117,0.412396576859723,0,0.122962839168553
Chile,2017,2041,2112680,0.412396576859723,0.412396576859723,1,0.28943373769117,0.412396576859723,0,0.122962839168553
Chile,2017,2042,2112680,0.412396576859723,0.412396576859723,1,0.28943373769117,0.412396576859723,0,0.122962839168553
Chile,2017,2043,2112680,0.412396576859723,0.412396576859723,1,0.28943373769117,0.412396576859723,0,0.122962839168553
Chile,2017,2044,2112680,0.412396576859723,0.412396576859723,1,0.28943373769117,0.412396576859723,0,0.122962839168553
Chile,2017,2045,2112680,0.412396576859723,0.412396576859723,1,0.28943373769117,0.412396576859723,0,0.122962839168553
Chile,2017,2046,2112680,0.412396576859723,0.412396576859723,1,0.28943373769117,0.412396576859723,0,0.122962839168553
Chile,2017,2047,2112680,0.412396576859723,0.412396576859723,1,0.28943373769117,0.412396576859723,0,0.122962839168553
Chile,2017,2048,2112680,0.412396576859723,0.412396576859723,1,0.28943373769117,0.412396576859723,0,0.122962839168553
Chile,2017,2049,2112680,0.412396576859723,0.412396576859723,1,0.28943373769117,0.412396576859723,0,0.122962839168553
Chile,2017,2050,2112680,0.412396576859723,0.412396576859723,1,0.28943373769117,0.412396576859723,0,0.122962839168553
China,2019,2017,1,,,0,0.146201183873894,0,0,0
China,2019,2018,1,,,0,0.146201183873894,0,0,0
China,2019,2019,1,,,0,0.146201183873894,0,0,0
China,2019,2020,176803,0.267348404721639,0.267348404721639,1,0.146201183873894,0.267348404721639,0,0.121147220847745
China,2019,2021,230519,0.0398535478637336,0.0398535478637336,1,0.146201183873894,0.0398535478637336,0,0.0398535478637336
China,2019,2022,442767,0.0777225945023003,0.0777225945023003,1,0.146201183873894,0.0777225945023003,0,0.0777225945023003
China,2019,2023,478935,0.0163237182498669,0.0163237182498669,1,0.146201183873894,0.0163237182498669,0,0.0163237182498669
China,2019,2024,493017,0.0254048034854782,0.0254048034854782,1,0.146201183873894,0.0254048034854782,0,0.0254048034854782
China,2019,2025,511453,0.0285187495234166,0.0285187495234166,1,0.146201183873894,0.0285187495234166,0,0.0285187495234166
China,2019,2026,511453,0.0285187495234166,0.0285187495234166,1,0.146201183873894,0.0285187495234166,0,0.0285187495234166
China,2019,2027,511453,0.0285187495234166,0.0285187495234166,1,0.146201183873894,0.0285187495234166,0,0.0285187495234166
China,2019,2028,511453,0.0285187495234166,0.0285187495234166,1,0.146201183873894,0.0285187495234166,0,0.0285187495234166
China,2019,2029,511453,0.0285187495234166,0.0285187495234166,1,0.146201183873894,0.0285187495234166,0,0.0285187495234166
China,2019,2030,511453,0.0285187495234166,0.0285187495234166,1,0.146201183873894,0.0285187495234166,0,0.0285187495234166
China,2019,2031,511453,0.0285187495234166,0.0285187495234166,1,0.146201183873894,0.0285187495234166,0,0.0285187495234166
China,2019,2032,511453,0.0285187495234166,0.0285187495234166,1,0.146201183873894,0.0285187495234166,0,0.0285187495234166
China,2019,2033,511453,0.0285187495234166,0.0285187495234166,1,0.146201183873894,0.0285187495234166,0,0.0285187495234166
China,2019,2034,511453,0.0285187495234166,0.0285187495234166,1,0.146201183873894,0.0285187495234166,0,0.0285187495234166
China,2019,2035,511453,0.0285187495234166,0.0285187495234166,1,0.146201183873894,0.0285187495234166,0,0.0285187495234166
China,2019,2036,511453,0.0285187495234166,0.0285187495234166,1,0.146201183873894,0.0285187495234166,0,0.0285187495234166
China,2019,2037,511453,0.0285187495234166,0.0285187495234166,1,0.146201183873894,0.0285187495234166,0,0.0285187495234166
China,2019,2038,511453,0.0285187495234166,0.0285187495234166,1,0.146201183873894,0.0285187495234166,0,0.0285187495234166
China,2019,2039,511453,0.0285187495234166,0.0285187495234166,1,0.146201183873894,0.0285187495234166,0,0.0285187495234166
China,2019,2040,511453,0.0285187495234166,0.0285187495234166,1,0.146201183873894,0.0285187495234166,0,0.0285187495234166
China,2019,2041,511453,0.0285187495234166,0.0285187495234166,1,0.146201183873894,0.0285187495234166,0,0.0285187495234166
China,2019,2042,511453,0.0285187495234166,0.0285187495234166,1,0.146201183873894,0.0285187495234166,0,0.0285187495234166
China,2019,2043,511453,0.0285187495234166,0.0285187495234166,1,0.146201183873894,0.0285187495234166,0,0.0285187495234166
China,2019,2044,511453,0.0285187495234166,0.0285187495234166,1,0.146201183873894,0.0285187495234166,0,0.0285187495234166
China,2019,2045,511453,0.0285187495234166,0.0285187495234166,1,0.146201183873894,0.0285187495234166,0,0.0285187495234166
China,2019,2046,511453,0.0285187495234166,0.0285187495234166,1,0.146201183873894,0.0285187495234166,0,0.0285187495234166
China,2019,2047,511453,0.0285187495234166,0.0285187495234166,1,0.146201183873894,0.0285187495234166,0,0.0285187495234166
China,2019,2048,511453,0.0285187495234166,0.0285187495234166,1,0.146201183873894,0.0285187495234166,0,0.0285187495234166
China,2019,2049,511453,0.0285187495234166,0.0285187495234166,1,0.146201183873894,0.0285187495234166,0,0.0285187495234166
China,2019,2050,511453,0.0285187495234166,0.0285187495234166,1,0.146201183873894,0.0285187495234166,0,0.0285187495234166
Colombia,2017,2017,1,,,0,0.272563956411259,0,0,0
Colombia,2017,2018,1,,,0,0.272563956411259,0,0,0
Colombia,2017,2019,1,,,0,0.272563956411259,0,0,0
Colombia,2017,2020,45185,0.672590461436317,0.672590461436317,1,0.272563956411259,0.672590461436317,0,0.400026505025058
Colombia,2017,2021,1,,,0,0.272563956411259,0,0,0
Colombia,2017,2022,1,,,0,0.272563956411259,0,0,0
Colombia,2017,2023,1,,,0,0.272563956411259,0,0,0
Colombia,2017,2024,1,,,0,0.272563956411259,0,0,0
Colombia,2017,2025,1,,,0,0.272563956411259,0,0,0
Colombia,2017,2026,1,,,0,0.272563956411259,0,0,0
Colombia,2017,2027,1,,,0,0.272563956411259,0,0,0
Colombia,2017,2028,1,,,0,0.272563956411259,0,0,0
Colombia,2017,2029,1,,,0,0.272563956411259,0,0,0
Colombia,2017,2030,1,,,0,0.272563956411259,0,0,0
Colombia,2017,2031,1,,,0,0.272563956411259,0,0,0
Colombia,2017,2032,1,,,0,0.272563956411259,0,0,0
Colombia,2017,2033,1,,,0,0.272563956411259,0,0,0
Colombia,2017,2034,1,,,0,0.272563956411259,0,0,0
Colombia,2017,2035,1,,,0,0.272563956411259,0,0,0
Colombia,2017,2036,1,,,0,0.272563956411259,0,0,0
Colombia,2017,2037,1,,,0,0.272563956411259,0,0,0
Colombia,2017,2038,1,,,0,0.272563956411259,0,0,0
Colombia,2017,2039,1,,,0,0.272563956411259,0,0,0
Colombia,2017,2040,1,,,0,0.272563956411259,0,0,0
Colombia,2017,2041,1,,,0,0.272563956411259,0,0,0
Colombia,2017,2042,1,,,0,0.272563956411259,0,0,0
Colombia,2017,2043,1,,,0,0.272563956411259,0,0,0
Colombia,2017,2044,1,,,0,0.272563956411259,0,0,0
Colombia,2017,2045,1,,,0,0.272563956411259,0,0,0
Colombia,2017,2046,1,,,0,0.272563956411259,0,0,0
Colombia,2017,2047,1,,,0,0.272563956411259,0,0,0
Colombia,2017,2048,1,,,0,0.272563956411259,0,0,0
Colombia,2017,2049,1,,,0,0.272563956411259,0,0,0
Colombia,2017,2050,1,,,0,0.272563956411259,0,0,0
Cuba,2017,2017,1,,,0,0.298326878113873,0,0,0
Cuba,2017,2018,1,,,0,0.298326878113873,0,0,0
Cuba,2017,2019,1,,,0,0.298326878113873,0,0,0
Cuba,2017,2020,65832,0.65137015433224,0.65137015433224,1,0.298326878113873,0.65137015433224,0,0.353043276218367
Cuba,2017,2021,109411,0.617908619791429,0.617908619791429,1,0.298326878113873,0.617908619791429,0,0.319581741677556
Cuba,2017,2022,2419488,0.298099845917814,0.298099845917814,1,0.298326878113873,0.298099845917814,0,0.298099845917814
Cuba,2017,2023,2419488,0.602999890886006,0.602999890886006,1,0.298326878113873,0.602999890886006,0,0.304673012772133
Cuba,2017,2024,2538046,0.310588933376306,0.310588933376306,1,0.298326878113873,0.310588933376306,0,0.012262055262433
Cuba,2017,2025,2538046,0.29116375353323,0.29116375353323,1,0.298326878113873,0.29116375353323,0,0.29116375353323
Cuba,2017,2026,2538046,0.29116375353323,0.29116375353323,1,0.298326878113873,0.29116375353323,0,0.29116375353323
Cuba,2017,2027,2538046,0.29116375353323,0.29116375353323,1,0.298326878113873,0.29116375353323,0,0.29116375353323
Cuba,2017,2028,2538046,0.29116375353323,0.29116375353323,1,0.298326878113873,0.29116375353323,0,0.29116375353323
Cuba,2017,2029,2538046,0.29116375353323,0.29116375353323,1,0.298326878113873,0.29116375353323,0,0.29116375353323
Cuba,2017,2030,2538046,0.29116375353323,0.29116375353323,1,0.298326878113873,0.29116375353323,0,0.29116375353323
Cuba,2017,2031,2538046,0.29116375353323,0.29116375353323,1,0.298326878113873,0.29116375353323,0,0.29116375353323
Cuba,2017,2032,2538046,0.29116375353323,0.29116375353323,1,0.298326878113873,0.29116375353323,0,0.29116375353323
Cuba,2017,2033,2538046,0.29116375353323,0.29116375353323,1,0.298326878113873,0.29116375353323,0,0.29116375353323
Cuba,2017,2034,2538046,0.29116375353323,0.29116375353323,1,0.298326878113873,0.29116375353323,0,0.29116375353323
Cuba,2017,2035,2538046,0.29116375353323,0.29116375353323,1,0.298326878113873,0.29116375353323,0,0.29116375353323
Cuba,2017,2036,2538046,0.29116375353323,0.29116375353323,1,0.298326878113873,0.29116375353323,0,0.29116375353323
Cuba,2017,2037,2538046,0.29116375353323,0.29116375353323,1,0.298326878113873,0.29116375353323,0,0.29116375353323
Cuba,2017,2038,2538046,0.29116375353323,0.29116375353323,1,0.298326878113873,0.29116375353323,0,0.29116375353323
Cuba,2017,2039,2538046,0.29116375353323,0.29116375353323,1,0.298326878113873,0.29116375353323,0,0.29116375353323
Cuba,2017,2040,2538046,0.29116375353323,0.29116375353323,1,0.298326878113873,0.29116375353323,0,0.29116375353323
Cuba,2017,2041,2538046,0.29116375353323,0.29116375353323,1,0.298326878113873,0.29116375353323,0,0.29116375353323
Cuba,2017,2042,2538046,0.29116375353323,0.29116375353323,1,0.298326878113873,0.29116375353323,0,0.29116375353323
Cuba,2017,2043,2538046,0.29116375353323,0.29116375353323,1,0.298326878113873,0.29116375353323,0,0.29116375353323
Cuba,2017,2044,2538046,0.29116375353323,0.29116375353323,1,0.298326878113873,0.29116375353323,0,0.29116375353323
Cuba,2017,2045,2538046,0.29116375353323,0.29116375353323,1,0.298326878113873,0.29116375353323,0,0.29116375353323
Cuba,2017,2046,2538046,0.29116375353323,0.29116375353323,1,0.298326878113873,0.29116375353323,0,0.29116375353323
Cuba,2017,2047,2538046,0.29116375353323,0.29116375353323,1,0.298326878113873,0.29116375353323,0,0.29116375353323
Cuba,2017,2048,2538046,0.29116375353323,0.29116375353323,1,0.298326878113873,0.29116375353323,0,0.29116375353323
Cuba,2017,2049,2538046,0.29116375353323,0.29116375353323,1,0.298326878113873,0.29116375353323,0,0.29116375353323
Cuba,2017,2050,2538046,0.29116375353323,0.29116375353323,1,0.298326878113873,0.29116375353323,0,0.29116375353323
Dominican Republic,2019,2017,1,,,0,0.194948367639588,0,0,0
Dominican Republic,2019,2018,1,,,0,0.194948367639588,0,0,0
Dominican Republic,2019,2019,1,,,0,0.194948367639588,0,0,0
Dominican Republic,2019,2020,5292,0.184807256235828,0.184807256235828,1,0.194948367639588,0.184807256235828,0,0.184807256235828
Dominican Republic,2019,2021,11672,0.200222755311857,0.200222755311857,1,0.194948367639588,0.200222755311857,0,0.00527438767226943
Dominican Republic,2019,2022,72137,0.620499882168651,0.620499882168651,1,0.194948367639588,0.620499882168651,0,0.425551514529063
Dominican Republic,2019,2023,77332,0.655912170899498,0.655912170899498,1,0.194948367639588,0.655912170899498,0,0.46096380325991
Dominican Republic,2019,2024,146917,0.916891850500623,0.916891850500623,1,0.194948367639588,0.916891850500623,0,0.721943482861035
Dominican Republic,2019,2025,512271,0.395765132127331,0.395765132127331,1,0.194948367639588,0.395765132127331,0,0.200816764487743
Dominican Republic,2019,2026,512271,0.395765132127331,0.395765132127331,1,0.194948367639588,0.395765132127331,0,0.200816764487743
Dominican Republic,2019,2027,512271,0.395765132127331,0.395765132127331,1,0.194948367639588,0.395765132127331,0,0.200816764487743
Dominican Republic,2019,2028,512271,0.395765132127331,0.395765132127331,1,0.194948367639588,0.395765132127331,0,0.200816764487743
Dominican Republic,2019,2029,512271,0.395765132127331,0.395765132127331,1,0.194948367639588,0.395765132127331,0,0.200816764487743
Dominican Republic,2019,2030,512271,0.395765132127331,0.395765132127331,1,0.194948367639588,0.395765132127331,0,0.200816764487743
Dominican Republic,2019,2031,512271,0.395765132127331,0.395765132127331,1,0.194948367639588,0.395765132127331,0,0.200816764487743
Dominican Republic,2019,2032,512271,0.395765132127331,0.395765132127331,1,0.194948367639588,0.395765132127331,0,0.200816764487743
Dominican Republic,2019,2033,512271,0.395765132127331,0.395765132127331,1,0.194948367639588,0.395765132127331,0,0.200816764487743
Dominican Republic,2019,2034,512271,0.395765132127331,0.395765132127331,1,0.194948367639588,0.395765132127331,0,0.200816764487743
Dominican Republic,2019,2035,512271,0.395765132127331,0.395765132127331,1,0.194948367639588,0.395765132127331,0,0.200816764487743
Dominican Republic,2019,2036,512271,0.395765132127331,0.395765132127331,1,0.194948367639588,0.395765132127331,0,0.200816764487743
Dominican Republic,2019,2037,512271,0.395765132127331,0.395765132127331,1,0.194948367639588,0.395765132127331,0,0.200816764487743
Dominican Republic,2019,2038,512271,0.395765132127331,0.395765132127331,1,0.194948367639588,0.395765132127331,0,0.200816764487743
Dominican Republic,2019,2039,512271,0.395765132127331,0.395765132127331,1,0.194948367639588,0.395765132127331,0,0.200816764487743
Dominican Republic,2019,2040,512271,0.395765132127331,0.395765132127331,1,0.194948367639588,0.395765132127331,0,0.200816764487743
Dominican Republic,2019,2041,512271,0.395765132127331,0.395765132127331,1,0.194948367639588,0.395765132127331,0,0.200816764487743
Dominican Republic,2019,2042,512271,0.395765132127331,0.395765132127331,1,0.194948367639588,0.395765132127331,0,0.200816764487743
Dominican Republic,2019,2043,512271,0.395765132127331,0.395765132127331,1,0.194948367639588,0.395765132127331,0,0.200816764487743
Dominican Republic,2019,2044,512271,0.395765132127331,0.395765132127331,1,0.194948367639588,0.395765132127331,0,0.200816764487743
Dominican Republic,2019,2045,512271,0.395765132127331,0.395765132127331,1,0.194948367639588,0.395765132127331,0,0.200816764487743
Dominican Republic,2019,2046,512271,0.395765132127331,0.395765132127331,1,0.194948367639588,0.395765132127331,0,0.200816764487743
Dominican Republic,2019,2047,512271,0.395765132127331,0.395765132127331,1,0.194948367639588,0.395765132127331,0,0.200816764487743
Dominican Republic,2019,2048,512271,0.395765132127331,0.395765132127331,1,0.194948367639588,0.395765132127331,0,0.200816764487743
Dominican Republic,2019,2049,512271,0.395765132127331,0.395765132127331,1,0.194948367639588,0.395765132127331,0,0.200816764487743
Dominican Republic,2019,2050,512271,0.395765132127331,0.395765132127331,1,0.194948367639588,0.395765132127331,0,0.200816764487743
Ecuador,2018,2017,1,,,0,0.22562758474761,0,0,0
Ecuador,2018,2018,1,,,0,0.22562758474761,0,0,0
Ecuador,2018,2019,1,,,0,0.22562758474761,0,0,0
Ecuador,2018,2020,7719,0.793755667832621,0.793755667832621,1,0.22562758474761,0.793755667832621,0,0.568128083085011
Ecuador,2018,2021,31251,0.83821317717833,0.83821317717833,1,0.22562758474761,0.83821317717833,0,0.61258559243072
Ecuador,2018,2022,130591,0.74586303803478,0.74586303803478,1,0.22562758474761,0.74586303803478,0,0.52023545328717
Ecuador,2018,2023,130591,0.617799082632034,0.617799082632034,1,0.22562758474761,0.617799082632034,0,0.392171497884424
Ecuador,2018,2024,297616,0.247315332509005,0.247315332509005,1,0.22562758474761,0.247315332509005,0,0.0216877477613949
Ecuador,2018,2025,297616,0.818971426267405,0.818971426267405,1,0.22562758474761,0.818971426267405,0,0.593343841519795
Ecuador,2018,2026,297616,0.818971426267405,0.818971426267405,1,0.22562758474761,0.818971426267405,0,0.593343841519795
Ecuador,2018,2027,297616,0.818971426267405,0.818971426267405,1,0.22562758474761,0.818971426267405,0,0.593343841519795
Ecuador,2018,2028,297616,0.818971426267405,0.818971426267405,1,0.22562758474761,0.818971426267405,0,0.593343841519795
Ecuador,2018,2029,297616,0.818971426267405,0.818971426267405,1,0.22562758474761,0.818971426267405,0,0.593343841519795
Ecuador,2018,2030,297616,0.818971426267405,0.818971426267405,1,0.22562758474761,0.818971426267405,0,0.593343841519795
Ecuador,2018,2031,297616,0.818971426267405,0.818971426267405,1,0.22562758474761,0.818971426267405,0,0.593343841519795
Ecuador,2018,2032,297616,0.818971426267405,0.818971426267405,1,0.22562758474761,0.818971426267405,0,0.593343841519795
Ecuador,2018,2033,297616,0.818971426267405,0.818971426267405,1,0.22562758474761,0.818971426267405,0,0.593343841519795
Ecuador,2018,2034,297616,0.818971426267405,0.818971426267405,1,0.22562758474761,0.818971426267405,0,0.593343841519795
Ecuador,2018,2035,297616,0.818971426267405,0.818971426267405,1,0.22562758474761,0.818971426267405,0,0.593343841519795
Ecuador,2018,2036,297616,0.818971426267405,0.818971426267405,1,0.22562758474761,0.818971426267405,0,0.593343841519795
Ecuador,2018,2037,297616,0.818971426267405,0.818971426267405,1,0.22562758474761,0.818971426267405,0,0.593343841519795
Ecuador,2018,2038,297616,0.818971426267405,0.818971426267405,1,0.22562758474761,0.818971426267405,0,0.593343841519795
Ecuador,2018,2039,297616,0.818971426267405,0.818971426267405,1,0.22562758474761,0.818971426267405,0,0.593343841519795
Ecuador,2018,2040,297616,0.818971426267405,0.818971426267405,1,0.22562758474761,0.818971426267405,0,0.593343841519795
Ecuador,2018,2041,297616,0.818971426267405,0.818971426267405,1,0.22562758474761,0.818971426267405,0,0.593343841519795
Ecuador,2018,2042,297616,0.818971426267405,0.818971426267405,1,0.22562758474761,0.818971426267405,0,0.593343841519795
Ecuador,2018,2043,297616,0.818971426267405,0.818971426267405,1,0.22562758474761,0.818971426267405,0,0.593343841519795
Ecuador,2018,2044,297616,0.818971426267405,0.818971426267405,1,0.22562758474761,0.818971426267405,0,0.593343841519795
Ecuador,2018,2045,297616,0.818971426267405,0.818971426267405,1,0.22562758474761,0.818971426267405,0,0.593343841519795
Ecuador,2018,2046,297616,0.818971426267405,0.818971426267405,1,0.22562758474761,0.818971426267405,0,0.593343841519795
Ecuador,2018,2047,297616,0.818971426267405,0.818971426267405,1,0.22562758474761,0.818971426267405,0,0.593343841519795
Ecuador,2018,2048,297616,0.818971426267405,0.818971426267405,1,0.22562758474761,0.818971426267405,0,0.593343841519795
Ecuador,2018,2049,297616,0.818971426267405,0.818971426267405,1,0.22562758474761,0.818971426267405,0,0.593343841519795
Ecuador,2018,2050,297616,0.818971426267405,0.818971426267405,1,0.22562758474761,0.818971426267405,0,0.593343841519795
El Salvador,2022,2017,1,,,0,0.31877541863648,0,0,0
El Salvador,2022,2018,1,,,0,0.31877541863648,0,0,0
El Salvador,2022,2019,1,,,0,0.31877541863648,0,0,0
El Salvador,2022,2020,1,,,0,0.31877541863648,0,0,0
El Salvador,2022,2021,1,,,0,0.31877541863648,0,0,0
El Salvador,2022,2022,35648,0.75931328545781,0.75931328545781,1,0.31877541863648,0.75931328545781,0,0.44053786682133
El Salvador,2022,2023,129725,0.813852380034689,0.813852380034689,1,0.31877541863648,0.813852380034689,0,0.495076961398209
El Salvador,2022,2024,405691,0.551318614413433,0.551318614413433,1,0.31877541863648,0.551318614413433,0,0.232543195776953
El Salvador,2022,2025,860822,0.718084574976011,0.718084574976011,1,0.31877541863648,0.718084574976011,0,0.399309156339531
El Salvador,2022,2026,860822,0.718084574976011,0.718084574976011,1,0.31877541863648,0.718084574976011,0,0.399309156339531
El Salvador,2022,2027,860822,0.718084574976011,0.718084574976011,1,0.31877541863648,0.718084574976011,0,0.399309156339531
El Salvador,2022,2028,860822,0.718084574976011,0.718084574976011,1,0.31877541863648,0.718084574976011,0,0.399309156339531
El Salvador,2022,2029,860822,0.718084574976011,0.718084574976011,1,0.31877541863648,0.718084574976011,0,0.399309156339531
El Salvador,2022,2030,860822,0.718084574976011,0.718084574976011,1,0.31877541863648,0.718084574976011,0,0.399309156339531
El Salvador,2022,2031,860822,0.718084574976011,0.718084574976011,1,0.31877541863648,0.718084574976011,0,0.399309156339531
El Salvador,2022,2032,860822,0.718084574976011,0.718084574976011,1,0.31877541863648,0.718084574976011,0,0.399309156339531
El Salvador,2022,2033,860822,0.718084574976011,0.718084574976011,1,0.31877541863648,0.718084574976011,0,0.399309156339531
El Salvador,2022,2034,860822,0.718084574976011,0.718084574976011,1,0.31877541863648,0.718084574976011,0,0.399309156339531
El Salvador,2022,2035,860822,0.718084574976011,0.718084574976011,1,0.31877541863648,0.718084574976011,0,0.399309156339531
El Salvador,2022,2036,860822,0.718084574976011,0.718084574976011,1,0.31877541863648,0.718084574976011,0,0.399309156339531
El Salvador,2022,2037,860822,0.718084574976011,0.718084574976011,1,0.31877541863648,0.718084574976011,0,0.399309156339531
El Salvador,2022,2038,860822,0.718084574976011,0.718084574976011,1,0.31877541863648,0.718084574976011,0,0.399309156339531
El Salvador,2022,2039,860822,0.718084574976011,0.718084574976011,1,0.31877541863648,0.718084574976011,0,0.399309156339531
El Salvador,2022,2040,860822,0.718084574976011,0.718084574976011,1,0.31877541863648,0.718084574976011,0,0.399309156339531
El Salvador,2022,2041,860822,0.718084574976011,0.718084574976011,1,0.31877541863648,0.718084574976011,0,0.399309156339531
El Salvador,2022,2042,860822,0.718084574976011,0.718084574976011,1,0.31877541863648,0.718084574976011,0,0.399309156339531
El Salvador,2022,2043,860822,0.718084574976011,0.718084574976011,1,0.31877541863648,0.718084574976011,0,0.399309156339531
El Salvador,2022,2044,860822,0.718084574976011,0.718084574976011,1,0.31877541863648,0.718084574976011,0,0.399309156339531
El Salvador,2022,2045,860822,0.718084574976011,0.718084574976011,1,0.31877541863648,0.718084574976011,0,0.399309156339531
El Salvador,2022,2046,860822,0.718084574976011,0.718084574976011,1,0.31877541863648,0.718084574976011,0,0.399309156339531
El Salvador,2022,2047,860822,0.718084574976011,0.718084574976011,1,0.31877541863648,0.718084574976011,0,0.399309156339531
El Salvador,2022,2048,860822,0.718084574976011,0.718084574976011,1,0.31877541863648,0.718084574976011,0,0.399309156339531
El Salvador,2022,2049,860822,0.718084574976011,0.718084574976011,1,0.31877541863648,0.718084574976011,0,0.399309156339531
El Salvador,2022,2050,860822,0.718084574976011,0.718084574976011,1,0.31877541863648,0.718084574976011,0,0.399309156339531
Ethiopia,2020,2017,1,,,0,0.0601845123692128,0,0,0
Ethiopia,2020,2018,1,,,0,0.0601845123692128,0,0,0
Ethiopia,2020,2019,1,,,0,0.0601845123692128,0,0,0
Ethiopia,2020,2020,3833,0.414818679885207,0.414818679885207,1,0.0601845123692128,0.414818679885207,0,0.354634167515995
Ethiopia,2020,2021,9949,0.330485475927229,0.330485475927229,1,0.0601845123692128,0.330485475927229,0,0.270300963558016
Ethiopia,2020,2022,12453,0.355817875210793,0.355817875210793,1,0.0601845123692128,0.355817875210793,0,0.29563336284158
Ethiopia,2020,2023,21787,0.432138431174554,0.432138431174554,1,0.0601845123692128,0.432138431174554,0,0.371953918805341
Ethiopia,2020,2024,69593,0.315965686204072,0.315965686204072,1,0.0601845123692128,0.315965686204072,0,0.255781173834859
Ethiopia,2020,2025,172652,0.360018997752705,0.360018997752705,1,0.0601845123692128,0.360018997752705,0,0.299834485383492
Ethiopia,2020,2026,172652,0.360018997752705,0.360018997752705,1,0.0601845123692128,0.360018997752705,0,0.299834485383492
Ethiopia,2020,2027,172652,0.360018997752705,0.360018997752705,1,0.0601845123692128,0.360018997752705,0,0.299834485383492
Ethiopia,2020,2028,172652,0.360018997752705,0.360018997752705,1,0.0601845123692128,0.360018997752705,0,0.299834485383492
Ethiopia,2020,2029,172652,0.360018997752705,0.360018997752705,1,0.0601845123692128,0.360018997752705,0,0.299834485383492
Ethiopia,2020,2030,172652,0.360018997752705,0.360018997752705,1,0.0601845123692128,0.360018997752705,0,0.299834485383492
Ethiopia,2020,2031,172652,0.360018997752705,0.360018997752705,1,0.0601845123692128,0.360018997752705,0,0.299834485383492
Ethiopia,2020,2032,172652,0.360018997752705,0.360018997752705,1,0.0601845123692128,0.360018997752705,0,0.299834485383492
Ethiopia,2020,2033,172652,0.360018997752705,0.360018997752705,1,0.0601845123692128,0.360018997752705,0,0.299834485383492
Ethiopia,2020,2034,172652,0.360018997752705,0.360018997752705,1,0.0601845123692128,0.360018997752705,0,0.299834485383492
Ethiopia,2020,2035,172652,0.360018997752705,0.360018997752705,1,0.0601845123692128,0.360018997752705,0,0.299834485383492
Ethiopia,2020,2036,172652,0.360018997752705,0.360018997752705,1,0.0601845123692128,0.360018997752705,0,0.299834485383492
Ethiopia,2020,2037,172652,0.360018997752705,0.360018997752705,1,0.0601845123692128,0.360018997752705,0,0.299834485383492
Ethiopia,2020,2038,172652,0.360018997752705,0.360018997752705,1,0.0601845123692128,0.360018997752705,0,0.299834485383492
Ethiopia,2020,2039,172652,0.360018997752705,0.360018997752705,1,0.0601845123692128,0.360018997752705,0,0.299834485383492
Ethiopia,2020,2040,172652,0.360018997752705,0.360018997752705,1,0.0601845123692128,0.360018997752705,0,0.299834485383492
Ethiopia,2020,2041,172652,0.360018997752705,0.360018997752705,1,0.0601845123692128,0.360018997752705,0,0.299834485383492
Ethiopia,2020,2042,172652,0.360018997752705,0.360018997752705,1,0.0601845123692128,0.360018997752705,0,0.299834485383492
Ethiopia,2020,2043,172652,0.360018997752705,0.360018997752705,1,0.0601845123692128,0.360018997752705,0,0.299834485383492
Ethiopia,2020,2044,172652,0.360018997752705,0.360018997752705,1,0.0601845123692128,0.360018997752705,0,0.299834485383492
Ethiopia,2020,2045,172652,0.360018997752705,0.360018997752705,1,0.0601845123692128,0.360018997752705,0,0.299834485383492
Ethiopia,2020,2046,172652,0.360018997752705,0.360018997752705,1,0.0601845123692128,0.360018997752705,0,0.299834485383492
Ethiopia,2020,2047,172652,0.360018997752705,0.360018997752705,1,0.0601845123692128,0.360018997752705,0,0.299834485383492
Ethiopia,2020,2048,172652,0.360018997752705,0.360018997752705,1,0.0601845123692128,0.360018997752705,0,0.299834485383492
Ethiopia,2020,2049,172652,0.360018997752705,0.360018997752705,1,0.0601845123692128,0.360018997752705,0,0.299834485383492
Ethiopia,2020,2050,172652,0.360018997752705,0.360018997752705,1,0.0601845123692128,0.360018997752705,0,0.299834485383492
Guyana,2023,2017,1,,,0,0.184022150393821,0,0,0
Guyana,2023,2018,1,,,0,0.184022150393821,0,0,0
Guyana,2023,2019,1,,,0,0.184022150393821,0,0,0
Guyana,2023,2020,1,,,0,0.184022150393821,0,0,0
Guyana,2023,2021,1,,,0,0.184022150393821,0,0,0
Guyana,2023,2022,1,,,0,0.184022150393821,0,0,0
Guyana,2023,2023,3298,0.722862340812614,0.722862340812614,1,0.184022150393821,0.722862340812614,0,0.538840190418793
Guyana,2023,2024,28819,0.605780908428467,0.605780908428467,1,0.184022150393821,0.605780908428467,0,0.421758758034646
Guyana,2023,2025,28819,0.598667545716368,0.598667545716368,1,0.184022150393821,0.598667545716368,0,0.414645395322547
Guyana,2023,2026,28819,0.598667545716368,0.598667545716368,1,0.184022150393821,0.598667545716368,0,0.414645395322547
Guyana,2023,2027,28819,0.598667545716368,0.598667545716368,1,0.184022150393821,0.598667545716368,0,0.414645395322547
Guyana,2023,2028,28819,0.598667545716368,0.598667545716368,1,0.184022150393821,0.598667545716368,0,0.414645395322547
Guyana,2023,2029,28819,0.598667545716368,0.598667545716368,1,0.184022150393821,0.598667545716368,0,0.414645395322547
Guyana,2023,2030,28819,0.598667545716368,0.598667545716368,1,0.184022150393821,0.598667545716368,0,0.414645395322547
Guyana,2023,2031,28819,0.598667545716368,0.598667545716368,1,0.184022150393821,0.598667545716368,0,0.414645395322547
Guyana,2023,2032,28819,0.598667545716368,0.598667545716368,1,0.184022150393821,0.598667545716368,0,0.414645395322547
Guyana,2023,2033,28819,0.598667545716368,0.598667545716368,1,0.184022150393821,0.598667545716368,0,0.414645395322547
Guyana,2023,2034,28819,0.598667545716368,0.598667545716368,1,0.184022150393821,0.598667545716368,0,0.414645395322547
Guyana,2023,2035,28819,0.598667545716368,0.598667545716368,1,0.184022150393821,0.598667545716368,0,0.414645395322547
Guyana,2023,2036,28819,0.598667545716368,0.598667545716368,1,0.184022150393821,0.598667545716368,0,0.414645395322547
Guyana,2023,2037,28819,0.598667545716368,0.598667545716368,1,0.184022150393821,0.598667545716368,0,0.414645395322547
Guyana,2023,2038,28819,0.598667545716368,0.598667545716368,1,0.184022150393821,0.598667545716368,0,0.414645395322547
Guyana,2023,2039,28819,0.598667545716368,0.598667545716368,1,0.184022150393821,0.598667545716368,0,0.414645395322547
Guyana,2023,2040,28819,0.598667545716368,0.598667545716368,1,0.184022150393821,0.598667545716368,0,0.414645395322547
Guyana,2023,2041,28819,0.598667545716368,0.598667545716368,1,0.184022150393821,0.598667545716368,0,0.414645395322547
Guyana,2023,2042,28819,0.598667545716368,0.598667545716368,1,0.184022150393821,0.598667545716368,0,0.414645395322547
Guyana,2023,2043,28819,0.598667545716368,0.598667545716368,1,0.184022150393821,0.598667545716368,0,0.414645395322547
Guyana,2023,2044,28819,0.598667545716368,0.598667545716368,1,0.184022150393821,0.598667545716368,0,0.414645395322547
Guyana,2023,2045,28819,0.598667545716368,0.598667545716368,1,0.184022150393821,0.598667545716368,0,0.414645395322547
Guyana,2023,2046,28819,0.598667545716368,0.598667545716368,1,0.184022150393821,0.598667545716368,0,0.414645395322547
Guyana,2023,2047,28819,0.598667545716368,0.598667545716368,1,0.184022150393821,0.598667545716368,0,0.414645395322547
Guyana,2023,2048,28819,0.598667545716368,0.598667545716368,1,0.184022150393821,0.598667545716368,0,0.414645395322547
Guyana,2023,2049,28819,0.598667545716368,0.598667545716368,1,0.184022150393821,0.598667545716368,0,0.414645395322547
Guyana,2023,2050,28819,0.598667545716368,0.598667545716368,1,0.184022150393821,0.598667545716368,0,0.414645395322547
India,2019,2017,1,,,0,0.134912063273285,0,0,0
India,2019,2018,1,,,0,0.134912063273285,0,0,0
India,2019,2019,184848,,,0,0.134912063273285,0,0,0
India,2019,2020,932403,0.269876866548048,0.269876866548048,1,0.134912063273285,0.269876866548048,0,0.134964803274763
India,2019,2021,1977675,0.235428470299721,0.235428470299721,1,0.134912063273285,0.235428470299721,0,0.100516407026436
India,2019,2022,3949604,0.262473655586737,0.262473655586737,1,0.134912063273285,0.262473655586737,0,0.127561592313452
India,2019,2023,8097922,0.176773251211854,0.176773251211854,1,0.134912063273285,0.176773251211854,0,0.0418611879385691
India,2019,2024,18606285,0.219701407347034,0.219701407347034,1,0.134912063273285,0.219701407347034,0,0.0847893440737485
India,2019,2025,29642892,0.169314181625733,0.169314181625733,1,0.134912063273285,0.169314181625733,0,0.0344021183524484
India,2019,2026,29642892,0.169314181625733,0.169314181625733,1,0.134912063273285,0.169314181625733,0,0.0344021183524484
India,2019,2027,29642892,0.169314181625733,0.169314181625733,1,0.134912063273285,0.169314181625733,0,0.0344021183524484
India,2019,2028,29642892,0.169314181625733,0.169314181625733,1,0.134912063273285,0.169314181625733,0,0.0344021183524484
India,2019,2029,29642892,0.169314181625733,0.169314181625733,1,0.134912063273285,0.169314181625733,0,0.0344021183524484
India,2019,2030,29642892,0.169314181625733,0.169314181625733,1,0.134912063273285,0.169314181625733,0,0.0344021183524484
India,2019,2031,29642892,0.169314181625733,0.169314181625733,1,0.134912063273285,0.169314181625733,0,0.0344021183524484
India,2019,2032,29642892,0.169314181625733,0.169314181625733,1,0.134912063273285,0.169314181625733,0,0.0344021183524484
India,2019,2033,29642892,0.169314181625733,0.169314181625733,1,0.134912063273285,0.169314181625733,0,0.0344021183524484
India,2019,2034,29642892,0.169314181625733,0.169314181625733,1,0.134912063273285,0.169314181625733,0,0.0344021183524484
India,2019,2035,29642892,0.169314181625733,0.169314181625733,1,0.134912063273285,0.169314181625733,0,0.0344021183524484
India,2019,2036,29642892,0.169314181625733,0.169314181625733,1,0.134912063273285,0.169314181625733,0,0.0344021183524484
India,2019,2037,29642892,0.169314181625733,0.169314181625733,1,0.134912063273285,0.169314181625733,0,0.0344021183524484
India,2019,2038,29642892,0.169314181625733,0.169314181625733,1,0.134912063273285,0.169314181625733,0,0.0344021183524484
India,2019,2039,29642892,0.169314181625733,0.169314181625733,1,0.134912063273285,0.169314181625733,0,0.0344021183524484
India,2019,2040,29642892,0.169314181625733,0.169314181625733,1,0.134912063273285,0.169314181625733,0,0.0344021183524484
India,2019,2041,29642892,0.169314181625733,0.169314181625733,1,0.134912063273285,0.169314181625733,0,0.0344021183524484
India,2019,2042,29642892,0.169314181625733,0.169314181625733,1,0.134912063273285,0.169314181625733,0,0.0344021183524484
India,2019,2043,29642892,0.169314181625733,0.169314181625733,1,0.134912063273285,0.169314181625733,0,0.0344021183524484
India,2019,2044,29642892,0.169314181625733,0.169314181625733,1,0.134912063273285,0.169314181625733,0,0.0344021183524484
India,2019,2045,29642892,0.169314181625733,0.169314181625733,1,0.134912063273285,0.169314181625733,0,0.0344021183524484
India,2019,2046,29642892,0.169314181625733,0.169314181625733,1,0.134912063273285,0.169314181625733,0,0.0344021183524484
India,2019,2047,29642892,0.169314181625733,0.169314181625733,1,0.134912063273285,0.169314181625733,0,0.0344021183524484
India,2019,2048,29642892,0.169314181625733,0.169314181625733,1,0.134912063273285,0.169314181625733,0,0.0344021183524484
India,2019,2049,29642892,0.169314181625733,0.169314181625733,1,0.134912063273285,0.169314181625733,0,0.0344021183524484
India,2019,2050,29642892,0.169314181625733,0.169314181625733,1,0.134912063273285,0.169314181625733,0,0.0344021183524484
Indonesia,2024,2017,1,,,0,0.0402774975269082,0,0,0
Indonesia,2024,2018,1,,,0,0.0402774975269082,0,0,0
Indonesia,2024,2019,1,,,0,0.0402774975269082,0,0,0
Indonesia,2024,2020,1,,,0,0.0402774975269082,0,0,0
Indonesia,2024,2021,1,,,0,0.0402774975269082,0,0,0
Indonesia,2024,2022,1,,,0,0.0402774975269082,0,0,0
Indonesia,2024,2023,1,,,0,0.0402774975269082,0,0,0
Indonesia,2024,2024,70760,0.141690220463539,0.141690220463539,1,0.0402774975269082,0.141690220463539,0,0.101412722936631
Indonesia,2024,2025,1114196,0.0669621861862724,0.0669621861862724,1,0.0402774975269082,0.0669621861862724,0,0.0266846886593642
Indonesia,2024,2026,1114196,0.0669621861862724,0.0669621861862724,1,0.0402774975269082,0.0669621861862724,0,0.0266846886593642
Indonesia,2024,2027,1114196,0.0669621861862724,0.0669621861862724,1,0.0402774975269082,0.0669621861862724,0,0.0266846886593642
Indonesia,2024,2028,1114196,0.0669621861862724,0.0669621861862724,1,0.0402774975269082,0.0669621861862724,0,0.0266846886593642
Indonesia,2024,2029,1114196,0.0669621861862724,0.0669621861862724,1,0.0402774975269082,0.0669621861862724,0,0.0266846886593642
Indonesia,2024,2030,1114196,0.0669621861862724,0.0669621861862724,1,0.0402774975269082,0.0669621861862724,0,0.0266846886593642
Indonesia,2024,2031,1114196,0.0669621861862724,0.0669621861862724,1,0.0402774975269082,0.0669621861862724,0,0.0266846886593642
Indonesia,2024,2032,1114196,0.0669621861862724,0.0669621861862724,1,0.0402774975269082,0.0669621861862724,0,0.0266846886593642
Indonesia,2024,2033,1114196,0.0669621861862724,0.0669621861862724,1,0.0402774975269082,0.0669621861862724,0,0.0266846886593642
Indonesia,2024,2034,1114196,0.0669621861862724,0.0669621861862724,1,0.0402774975269082,0.0669621861862724,0,0.0266846886593642
Indonesia,2024,2035,1114196,0.0669621861862724,0.0669621861862724,1,0.0402774975269082,0.0669621861862724,0,0.0266846886593642
Indonesia,2024,2036,1114196,0.0669621861862724,0.0669621861862724,1,0.0402774975269082,0.0669621861862724,0,0.0266846886593642
Indonesia,2024,2037,1114196,0.0669621861862724,0.0669621861862724,1,0.0402774975269082,0.0669621861862724,0,0.0266846886593642
Indonesia,2024,2038,1114196,0.0669621861862724,0.0669621861862724,1,0.0402774975269082,0.0669621861862724,0,0.0266846886593642
Indonesia,2024,2039,1114196,0.0669621861862724,0.0669621861862724,1,0.0402774975269082,0.0669621861862724,0,0.0266846886593642
Indonesia,2024,2040,1114196,0.0669621861862724,0.0669621861862724,1,0.0402774975269082,0.0669621861862724,0,0.0266846886593642
Indonesia,2024,2041,1114196,0.0669621861862724,0.0669621861862724,1,0.0402774975269082,0.0669621861862724,0,0.0266846886593642
Indonesia,2024,2042,1114196,0.0669621861862724,0.0669621861862724,1,0.0402774975269082,0.0669621861862724,0,0.0266846886593642
Indonesia,2024,2043,1114196,0.0669621861862724,0.0669621861862724,1,0.0402774975269082,0.0669621861862724,0,0.0266846886593642
Indonesia,2024,2044,1114196,0.0669621861862724,0.0669621861862724,1,0.0402774975269082,0.0669621861862724,0,0.0266846886593642
Indonesia,2024,2045,1114196,0.0669621861862724,0.0669621861862724,1,0.0402774975269082,0.0669621861862724,0,0.0266846886593642
Indonesia,2024,2046,1114196,0.0669621861862724,0.0669621861862724,1,0.0402774975269082,0.0669621861862724,0,0.0266846886593642
Indonesia,2024,2047,1114196,0.0669621861862724,0.0669621861862724,1,0.0402774975269082,0.0669621861862724,0,0.0266846886593642
Indonesia,2024,2048,1114196,0.0669621861862724,0.0669621861862724,1,0.0402774975269082,0.0669621861862724,0,0.0266846886593642
Indonesia,2024,2049,1114196,0.0669621861862724,0.0669621861862724,1,0.0402774975269082,0.0669621861862724,0,0.0266846886593642
Indonesia,2024,2050,1114196,0.0669621861862724,0.0669621861862724,1,0.0402774975269082,0.0669621861862724,0,0.0266846886593642
Mexico,2019,2017,1,,,0,0.241534623810025,0,0,0
Mexico,2019,2018,1,,,0,0.241534623810025,0,0,0
Mexico,2019,2019,1,,,0,0.241534623810025,0,0,0
Mexico,2019,2020,3606,0.433721575152524,0.433721575152524,1,0.241534623810025,0.433721575152524,0,0.192186951342499
Mexico,2019,2021,12526,0.500079833945394,0.500079833945394,1,0.241534623810025,0.500079833945394,0,0.258545210135369
Mexico,2019,2022,389728,0.0159803760571475,0.0159803760571475,1,0.241534623810025,0.0159803760571475,0,0.0159803760571475
Mexico,2019,2023,389728,0.0302595656457837,0.0302595656457837,1,0.241534623810025,0.0302595656457837,0,0.0302595656457837
Mexico,2019,2024,399650,0.0697660452896284,0.0697660452896284,1,0.241534623810025,0.0697660452896284,0,0.0697660452896284
Mexico,2019,2025,399710,0.541332466037877,0.541332466037877,1,0.241534623810025,0.541332466037877,0,0.299797842227852
Mexico,2019,2026,399710,0.541332466037877,0.541332466037877,1,0.241534623810025,0.541332466037877,0,0.299797842227852
Mexico,2019,2027,399710,0.541332466037877,0.541332466037877,1,0.241534623810025,0.541332466037877,0,0.299797842227852
Mexico,2019,2028,399710,0.541332466037877,0.541332466037877,1,0.241534623810025,0.541332466037877,0,0.299797842227852
Mexico,2019,2029,399710,0.541332466037877,0.541332466037877,1,0.241534623810025,0.541332466037877,0,0.299797842227852
Mexico,2019,2030,399710,0.541332466037877,0.541332466037877,1,0.241534623810025,0.541332466037877,0,0.299797842227852
Mexico,2019,2031,399710,0.541332466037877,0.541332466037877,1,0.241534623810025,0.541332466037877,0,0.299797842227852
Mexico,2019,2032,399710,0.541332466037877,0.541332466037877,1,0.241534623810025,0.541332466037877,0,0.299797842227852
Mexico,2019,2033,399710,0.541332466037877,0.541332466037877,1,0.241534623810025,0.541332466037877,0,0.299797842227852
Mexico,2019,2034,399710,0.541332466037877,0.541332466037877,1,0.241534623810025,0.541332466037877,0,0.299797842227852
Mexico,2019,2035,399710,0.541332466037877,0.541332466037877,1,0.241534623810025,0.541332466037877,0,0.299797842227852
Mexico,2019,2036,399710,0.541332466037877,0.541332466037877,1,0.241534623810025,0.541332466037877,0,0.299797842227852
Mexico,2019,2037,399710,0.541332466037877,0.541332466037877,1,0.241534623810025,0.541332466037877,0,0.299797842227852
Mexico,2019,2038,399710,0.541332466037877,0.541332466037877,1,0.241534623810025,0.541332466037877,0,0.299797842227852
Mexico,2019,2039,399710,0.541332466037877,0.541332466037877,1,0.241534623810025,0.541332466037877,0,0.299797842227852
Mexico,2019,2040,399710,0.541332466037877,0.541332466037877,1,0.241534623810025,0.541332466037877,0,0.299797842227852
Mexico,2019,2041,399710,0.541332466037877,0.541332466037877,1,0.241534623810025,0.541332466037877,0,0.299797842227852
Mexico,2019,2042,399710,0.541332466037877,0.541332466037877,1,0.241534623810025,0.541332466037877,0,0.299797842227852
Mexico,2019,2043,399710,0.541332466037877,0.541332466037877,1,0.241534623810025,0.541332466037877,0,0.299797842227852
Mexico,2019,2044,399710,0.541332466037877,0.541332466037877,1,0.241534623810025,0.541332466037877,0,0.299797842227852
Mexico,2019,2045,399710,0.541332466037877,0.541332466037877,1,0.241534623810025,0.541332466037877,0,0.299797842227852
Mexico,2019,2046,399710,0.541332466037877,0.541332466037877,1,0.241534623810025,0.541332466037877,0,0.299797842227852
Mexico,2019,2047,399710,0.541332466037877,0.541332466037877,1,0.241534623810025,0.541332466037877,0,0.299797842227852
Mexico,2019,2048,399710,0.541332466037877,0.541332466037877,1,0.241534623810025,0.541332466037877,0,0.299797842227852
Mexico,2019,2049,399710,0.541332466037877,0.541332466037877,1,0.241534623810025,0.541332466037877,0,0.299797842227852
Mexico,2019,2050,399710,0.541332466037877,0.541332466037877,1,0.241534623810025,0.541332466037877,0,0.299797842227852
Nigeria,2020,2017,1,,,0,0.112232450844304,0,0,0
Nigeria,2020,2018,1,,,0,0.112232450844304,0,0,0
Nigeria,2020,2019,1,,,0,0.112232450844304,0,0,0
Nigeria,2020,2020,1071,0.281045751633987,0.281045751633987,1,0.112232450844304,0.281045751633987,0,0.168813300789683
Nigeria,2020,2021,15299,0.351787698542388,0.351787698542388,1,0.112232450844304,0.351787698542388,0,0.239555247698084
Nigeria,2020,2022,16979,0.423817657105837,0.423817657105837,1,0.112232450844304,0.423817657105837,0,0.311585206261533
Nigeria,2020,2023,45794,0.22904747346814,0.22904747346814,1,0.112232450844304,0.22904747346814,0,0.116815022623836
Nigeria,2020,2024,52487,0.0826871415779145,0.0826871415779145,1,0.112232450844304,0.0826871415779145,0,0.0826871415779145
Nigeria,2020,2025,61226,0.216460327311926,0.216460327311926,1,0.112232450844304,0.216460327311926,0,0.104227876467622
Nigeria,2020,2026,61226,0.216460327311926,0.216460327311926,1,0.112232450844304,0.216460327311926,0,0.104227876467622
Nigeria,2020,2027,61226,0.216460327311926,0.216460327311926,1,0.112232450844304,0.216460327311926,0,0.104227876467622
Nigeria,2020,2028,61226,0.216460327311926,0.216460327311926,1,0.112232450844304,0.216460327311926,0,0.104227876467622
Nigeria,2020,2029,61226,0.216460327311926,0.216460327311926,1,0.112232450844304,0.216460327311926,0,0.104227876467622
Nigeria,2020,2030,61226,0.216460327311926,0.216460327311926,1,0.112232450844304,0.216460327311926,0,0.104227876467622
Nigeria,2020,2031,61226,0.216460327311926,0.216460327311926,1,0.112232450844304,0.216460327311926,0,0.104227876467622
Nigeria,2020,2032,61226,0.216460327311926,0.216460327311926,1,0.112232450844304,0.216460327311926,0,0.104227876467622
Nigeria,2020,2033,61226,0.216460327311926,0.216460327311926,1,0.112232450844304,0.216460327311926,0,0.104227876467622
Nigeria,2020,2034,61226,0.216460327311926,0.216460327311926,1,0.112232450844304,0.216460327311926,0,0.104227876467622
Nigeria,2020,2035,61226,0.216460327311926,0.216460327311926,1,0.112232450844304,0.216460327311926,0,0.104227876467622
Nigeria,2020,2036,61226,0.216460327311926,0.216460327311926,1,0.112232450844304,0.216460327311926,0,0.104227876467622
Nigeria,2020,2037,61226,0.216460327311926,0.216460327311926,1,0.112232450844304,0.216460327311926,0,0.104227876467622
Nigeria,2020,2038,61226,0.216460327311926,0.216460327311926,1,0.112232450844304,0.216460327311926,0,0.104227876467622
Nigeria,2020,2039,61226,0.216460327311926,0.216460327311926,1,0.112232450844304,0.216460327311926,0,0.104227876467622
Nigeria,2020,2040,61226,0.216460327311926,0.216460327311926,1,0.112232450844304,0.216460327311926,0,0.104227876467622
Nigeria,2020,2041,61226,0.216460327311926,0.216460327311926,1,0.112232450844304,0.216460327311926,0,0.104227876467622
Nigeria,2020,2042,61226,0.216460327311926,0.216460327311926,1,0.112232450844304,0.216460327311926,0,0.104227876467622
Nigeria,2020,2043,61226,0.216460327311926,0.216460327311926,1,0.112232450844304,0.216460327311926,0,0.104227876467622
Nigeria,2020,2044,61226,0.216460327311926,0.216460327311926,1,0.112232450844304,0.216460327311926,0,0.104227876467622
Nigeria,2020,2045,61226,0.216460327311926,0.216460327311926,1,0.112232450844304,0.216460327311926,0,0.104227876467622
Nigeria,2020,2046,61226,0.216460327311926,0.216460327311926,1,0.112232450844304,0.216460327311926,0,0.104227876467622
Nigeria,2020,2047,61226,0.216460327311926,0.216460327311926,1,0.112232450844304,0.216460327311926,0,0.104227876467622
Nigeria,2020,2048,61226,0.216460327311926,0.216460327311926,1,0.112232450844304,0.216460327311926,0,0.104227876467622
Nigeria,2020,2049,61226,0.216460327311926,0.216460327311926,1,0.112232450844304,0.216460327311926,0,0.104227876467622
Nigeria,2020,2050,61226,0.216460327311926,0.216460327311926,1,0.112232450844304,0.216460327311926,0,0.104227876467622
Pakistan,2024,2017,1,,,0,0.102171704476067,0,0,0
Pakistan,2024,2018,1,,,0,0.102171704476067,0,0,0
Pakistan,2024,2019,1,,,0,0.102171704476067,0,0,0
Pakistan,2024,2020,1,,,0,0.102171704476067,0,0,0
Pakistan,2024,2021,1,,,0,0.102171704476067,0,0,0
Pakistan,2024,2022,1,,,0,0.102171704476067,0,0,0
Pakistan,2024,2023,1,,,0,0.102171704476067,0,0,0
Pakistan,2024,2024,126,,,0,0.102171704476067,0,0,0
Pakistan,2024,2025,1409,0.0645848119233499,0.0645848119233499,1,0.102171704476067,0.0645848119233499,0,0.0645848119233499
Pakistan,2024,2026,1409,0.0645848119233499,0.0645848119233499,1,0.102171704476067,0.0645848119233499,0,0.0645848119233499
Pakistan,2024,2027,1409,0.0645848119233499,0.0645848119233499,1,0.102171704476067,0.0645848119233499,0,0.0645848119233499
Pakistan,2024,2028,1409,0.0645848119233499,0.0645848119233499,1,0.102171704476067,0.0645848119233499,0,0.0645848119233499
Pakistan,2024,2029,1409,0.0645848119233499,0.0645848119233499,1,0.102171704476067,0.0645848119233499,0,0.0645848119233499
Pakistan,2024,2030,1409,0.0645848119233499,0.0645848119233499,1,0.102171704476067,0.0645848119233499,0,0.0645848119233499
Pakistan,2024,2031,1409,0.0645848119233499,0.0645848119233499,1,0.102171704476067,0.0645848119233499,0,0.0645848119233499
Pakistan,2024,2032,1409,0.0645848119233499,0.0645848119233499,1,0.102171704476067,0.0645848119233499,0,0.0645848119233499
Pakistan,2024,2033,1409,0.0645848119233499,0.0645848119233499,1,0.102171704476067,0.0645848119233499,0,0.0645848119233499
Pakistan,2024,2034,1409,0.0645848119233499,0.0645848119233499,1,0.102171704476067,0.0645848119233499,0,0.0645848119233499
Pakistan,2024,2035,1409,0.0645848119233499,0.0645848119233499,1,0.102171704476067,0.0645848119233499,0,0.0645848119233499
Pakistan,2024,2036,1409,0.0645848119233499,0.0645848119233499,1,0.102171704476067,0.0645848119233499,0,0.0645848119233499
Pakistan,2024,2037,1409,0.0645848119233499,0.0645848119233499,1,0.102171704476067,0.0645848119233499,0,0.0645848119233499
Pakistan,2024,2038,1409,0.0645848119233499,0.0645848119233499,1,0.102171704476067,0.0645848119233499,0,0.0645848119233499
Pakistan,2024,2039,1409,0.0645848119233499,0.0645848119233499,1,0.102171704476067,0.0645848119233499,0,0.0645848119233499
Pakistan,2024,2040,1409,0.0645848119233499,0.0645848119233499,1,0.102171704476067,0.0645848119233499,0,0.0645848119233499
Pakistan,2024,2041,1409,0.0645848119233499,0.0645848119233499,1,0.102171704476067,0.0645848119233499,0,0.0645848119233499
Pakistan,2024,2042,1409,0.0645848119233499,0.0645848119233499,1,0.102171704476067,0.0645848119233499,0,0.0645848119233499
Pakistan,2024,2043,1409,0.0645848119233499,0.0645848119233499,1,0.102171704476067,0.0645848119233499,0,0.0645848119233499
Pakistan,2024,2044,1409,0.0645848119233499,0.0645848119233499,1,0.102171704476067,0.0645848119233499,0,0.0645848119233499
Pakistan,2024,2045,1409,0.0645848119233499,0.0645848119233499,1,0.102171704476067,0.0645848119233499,0,0.0645848119233499
Pakistan,2024,2046,1409,0.0645848119233499,0.0645848119233499,1,0.102171704476067,0.0645848119233499,0,0.0645848119233499
Pakistan,2024,2047,1409,0.0645848119233499,0.0645848119233499,1,0.102171704476067,0.0645848119233499,0,0.0645848119233499
Pakistan,2024,2048,1409,0.0645848119233499,0.0645848119233499,1,0.102171704476067,0.0645848119233499,0,0.0645848119233499
Pakistan,2024,2049,1409,0.0645848119233499,0.0645848119233499,1,0.102171704476067,0.0645848119233499,0,0.0645848119233499
Pakistan,2024,2050,1409,0.0645848119233499,0.0645848119233499,1,0.102171704476067,0.0645848119233499,0,0.0645848119233499
Panama,2018,2017,1,,,0,0.242103146155467,0,0,0
Panama,2018,2018,1,,,0,0.242103146155467,0,0,0
Panama,2018,2019,1,,,0,0.242103146155467,0,0,0
Panama,2018,2020,52872,0.765849599031624,0.765849599031624,1,0.242103146155467,0.765849599031624,0,0.523746452876157
Panama,2018,2021,56857,0.614787976854213,0.614787976854213,1,0.242103146155467,0.614787976854213,0,0.372684830698746
Panama,2018,2022,61288,0.456761519383892,0.456761519383892,1,0.242103146155467,0.456761519383892,0,0.214658373228425
Panama,2018,2023,61288,0.281409084975852,0.281409084975852,1,0.242103146155467,0.281409084975852,0,0.0393059388203847
Panama,2018,2024,95459,0.431515100723871,0.431515100723871,1,0.242103146155467,0.431515100723871,0,0.189411954568404
Panama,2018,2025,95566,0.437927714877676,0.437927714877676,1,0.242103146155467,0.437927714877676,0,0.195824568722209
Panama,2018,2026,95566,0.437927714877676,0.437927714877676,1,0.242103146155467,0.437927714877676,0,0.195824568722209
Panama,2018,2027,95566,0.437927714877676,0.437927714877676,1,0.242103146155467,0.437927714877676,0,0.195824568722209
Panama,2018,2028,95566,0.437927714877676,0.437927714877676,1,0.242103146155467,0.437927714877676,0,0.195824568722209
Panama,2018,2029,95566,0.437927714877676,0.437927714877676,1,0.242103146155467,0.437927714877676,0,0.195824568722209
Panama,2018,2030,95566,0.437927714877676,0.437927714877676,1,0.242103146155467,0.437927714877676,0,0.195824568722209
Panama,2018,2031,95566,0.437927714877676,0.437927714877676,1,0.242103146155467,0.437927714877676,0,0.195824568722209
Panama,2018,2032,95566,0.437927714877676,0.437927714877676,1,0.242103146155467,0.437927714877676,0,0.195824568722209
Panama,2018,2033,95566,0.437927714877676,0.437927714877676,1,0.242103146155467,0.437927714877676,0,0.195824568722209
Panama,2018,2034,95566,0.437927714877676,0.437927714877676,1,0.242103146155467,0.437927714877676,0,0.195824568722209
Panama,2018,2035,95566,0.437927714877676,0.437927714877676,1,0.242103146155467,0.437927714877676,0,0.195824568722209
Panama,2018,2036,95566,0.437927714877676,0.437927714877676,1,0.242103146155467,0.437927714877676,0,0.195824568722209
Panama,2018,2037,95566,0.437927714877676,0.437927714877676,1,0.242103146155467,0.437927714877676,0,0.195824568722209
Panama,2018,2038,95566,0.437927714877676,0.437927714877676,1,0.242103146155467,0.437927714877676,0,0.195824568722209
Panama,2018,2039,95566,0.437927714877676,0.437927714877676,1,0.242103146155467,0.437927714877676,0,0.195824568722209
Panama,2018,2040,95566,0.437927714877676,0.437927714877676,1,0.242103146155467,0.437927714877676,0,0.195824568722209
Panama,2018,2041,95566,0.437927714877676,0.437927714877676,1,0.242103146155467,0.437927714877676,0,0.195824568722209
Panama,2018,2042,95566,0.437927714877676,0.437927714877676,1,0.242103146155467,0.437927714877676,0,0.195824568722209
Panama,2018,2043,95566,0.437927714877676,0.437927714877676,1,0.242103146155467,0.437927714877676,0,0.195824568722209
Panama,2018,2044,95566,0.437927714877676,0.437927714877676,1,0.242103146155467,0.437927714877676,0,0.195824568722209
Panama,2018,2045,95566,0.437927714877676,0.437927714877676,1,0.242103146155467,0.437927714877676,0,0.195824568722209
Panama,2018,2046,95566,0.437927714877676,0.437927714877676,1,0.242103146155467,0.437927714877676,0,0.195824568722209
Panama,2018,2047,95566,0.437927714877676,0.437927714877676,1,0.242103146155467,0.437927714877676,0,0.195824568722209
Panama,2018,2048,95566,0.437927714877676,0.437927714877676,1,0.242103146155467,0.437927714877676,0,0.195824568722209
Panama,2018,2049,95566,0.437927714877676,0.437927714877676,1,0.242103146155467,0.437927714877676,0,0.195824568722209
Panama,2018,2050,95566,0.437927714877676,0.437927714877676,1,0.242103146155467,0.437927714877676,0,0.195824568722209
Peru,2020,2017,1,,,0,0.163559451483555,0,0,0
Peru,2020,2018,1,,,0,0.163559451483555,0,0,0
Peru,2020,2019,1,,,0,0.163559451483555,0,0,0
Peru,2020,2020,7655,0.727367733507511,0.727367733507511,1,0.163559451483555,0.727367733507511,0,0.563808282023956
Peru,2020,2021,7655,0.695623775310255,0.695623775310255,1,0.163559451483555,0.695623775310255,0,0.5320643238267
Peru,2020,2022,56896,0.532673650168729,0.532673650168729,1,0.163559451483555,0.532673650168729,0,0.369114198685174
Peru,2020,2023,64576,0.693616823587711,0.693616823587711,1,0.163559451483555,0.693616823587711,0,0.530057372104156
Peru,2020,2024,68863,0.368717598710483,0.368717598710483,1,0.163559451483555,0.368717598710483,0,0.205158147226928
Peru,2020,2025,68928,,0.271370557041092,0,0.163559451483555,0.271370557041092,0,0.107811105557537
Peru,2020,2026,68928,,0.271370557041092,0,0.163559451483555,0.271370557041092,0,0.107811105557537
Peru,2020,2027,68928,,0.271370557041092,0,0.163559451483555,0.271370557041092,0,0.107811105557537
Peru,2020,2028,68928,,0.271370557041092,0,0.163559451483555,0.271370557041092,0,0.107811105557537
Peru,2020,2029,68928,,0.271370557041092,0,0.163559451483555,0.271370557041092,0,0.107811105557537
Peru,2020,2030,68928,,0.271370557041092,0,0.163559451483555,0.271370557041092,0,0.107811105557537
Peru,2020,2031,68928,,0.271370557041092,0,0.163559451483555,0.271370557041092,0,0.107811105557537
Peru,2020,2032,68928,,0.271370557041092,0,0.163559451483555,0.271370557041092,0,0.107811105557537
Peru,2020,2033,68928,,0.271370557041092,0,0.163559451483555,0.271370557041092,0,0.107811105557537
Peru,2020,2034,68928,,0.271370557041092,0,0.163559451483555,0.271370557041092,0,0.107811105557537
Peru,2020,2035,68928,,0.271370557041092,0,0.163559451483555,0.271370557041092,0,0.107811105557537
Peru,2020,2036,68928,,0.271370557041092,0,0.163559451483555,0.271370557041092,0,0.107811105557537
Peru,2020,2037,68928,,0.271370557041092,0,0.163559451483555,0.271370557041092,0,0.107811105557537
Peru,2020,2038,68928,,0.271370557041092,0,0.163559451483555,0.271370557041092,0,0.107811105557537
Peru,2020,2039,68928,,0.271370557041092,0,0.163559451483555,0.271370557041092,0,0.107811105557537
Peru,2020,2040,68928,,0.271370557041092,0,0.163559451483555,0.271370557041092,0,0.107811105557537
Peru,2020,2041,68928,,0.271370557041092,0,0.163559451483555,0.271370557041092,0,0.107811105557537
Peru,2020,2042,68928,,0.271370557041092,0,0.163559451483555,0.271370557041092,0,0.107811105557537
Peru,2020,2043,68928,,0.271370557041092,0,0.163559451483555,0.271370557041092,0,0.107811105557537
Peru,2020,2044,68928,,0.271370557041092,0,0.163559451483555,0.271370557041092,0,0.107811105557537
Peru,2020,2045,68928,,0.271370557041092,0,0.163559451483555,0.271370557041092,0,0.107811105557537
Peru,2020,2046,68928,,0.271370557041092,0,0.163559451483555,0.271370557041092,0,0.107811105557537
Peru,2020,2047,68928,,0.271370557041092,0,0.163559451483555,0.271370557041092,0,0.107811105557537
Peru,2020,2048,68928,,0.271370557041092,0,0.163559451483555,0.271370557041092,0,0.107811105557537
Peru,2020,2049,68928,,0.271370557041092,0,0.163559451483555,0.271370557041092,0,0.107811105557537
Peru,2020,2050,68928,,0.271370557041092,0,0.163559451483555,0.271370557041092,0,0.107811105557537
Philippines,2021,2017,1,,,0,0.152956452255252,0,0,0
Philippines,2021,2018,1,,,0,0.152956452255252,0,0,0
Philippines,2021,2019,1,,,0,0.152956452255252,0,0,0
Philippines,2021,2020,1,,,0,0.152956452255252,0,0,0
Philippines,2021,2021,5788,0.140808569454043,0.140808569454043,1,0.152956452255252,0.140808569454043,0,0.140808569454043
Philippines,2021,2022,22395,0.798883679392722,0.798883679392722,1,0.152956452255252,0.798883679392722,0,0.64592722713747
Philippines,2021,2023,61956,0.671411969785009,0.671411969785009,1,0.152956452255252,0.671411969785009,0,0.518455517529757
Philippines,2021,2024,142217,0.587587981746205,0.587587981746205,1,0.152956452255252,0.587587981746205,0,0.434631529490953
Philippines,2021,2025,159287,,0.503763993707401,0,0.152956452255252,0.503763993707401,0,0.350807541452149
Philippines,2021,2026,159287,,0.503763993707401,0,0.152956452255252,0.503763993707401,0,0.350807541452149
Philippines,2021,2027,159287,,0.503763993707401,0,0.152956452255252,0.503763993707401,0,0.350807541452149
Philippines,2021,2028,159287,,0.503763993707401,0,0.152956452255252,0.503763993707401,0,0.350807541452149
Philippines,2021,2029,159287,,0.503763993707401,0,0.152956452255252,0.503763993707401,0,0.350807541452149
Philippines,2021,2030,159287,,0.503763993707401,0,0.152956452255252,0.503763993707401,0,0.350807541452149
Philippines,2021,2031,159287,,0.503763993707401,0,0.152956452255252,0.503763993707401,0,0.350807541452149
Philippines,2021,2032,159287,,0.503763993707401,0,0.152956452255252,0.503763993707401,0,0.350807541452149
Philippines,2021,2033,159287,,0.503763993707401,0,0.152956452255252,0.503763993707401,0,0.350807541452149
Philippines,2021,2034,159287,,0.503763993707401,0,0.152956452255252,0.503763993707401,0,0.350807541452149
Philippines,2021,2035,159287,,0.503763993707401,0,0.152956452255252,0.503763993707401,0,0.350807541452149
Philippines,2021,2036,159287,,0.503763993707401,0,0.152956452255252,0.503763993707401,0,0.350807541452149
Philippines,2021,2037,159287,,0.503763993707401,0,0.152956452255252,0.503763993707401,0,0.350807541452149
Philippines,2021,2038,159287,,0.503763993707401,0,0.152956452255252,0.503763993707401,0,0.350807541452149
Philippines,2021,2039,159287,,0.503763993707401,0,0.152956452255252,0.503763993707401,0,0.350807541452149
Philippines,2021,2040,159287,,0.503763993707401,0,0.152956452255252,0.503763993707401,0,0.350807541452149
Philippines,2021,2041,159287,,0.503763993707401,0,0.152956452255252,0.503763993707401,0,0.350807541452149
Philippines,2021,2042,159287,,0.503763993707401,0,0.152956452255252,0.503763993707401,0,0.350807541452149
Philippines,2021,2043,159287,,0.503763993707401,0,0.152956452255252,0.503763993707401,0,0.350807541452149
Philippines,2021,2044,159287,,0.503763993707401,0,0.152956452255252,0.503763993707401,0,0.350807541452149
Philippines,2021,2045,159287,,0.503763993707401,0,0.152956452255252,0.503763993707401,0,0.350807541452149
Philippines,2021,2046,159287,,0.503763993707401,0,0.152956452255252,0.503763993707401,0,0.350807541452149
Philippines,2021,2047,159287,,0.503763993707401,0,0.152956452255252,0.503763993707401,0,0.350807541452149
Philippines,2021,2048,159287,,0.503763993707401,0,0.152956452255252,0.503763993707401,0,0.350807541452149
Philippines,2021,2049,159287,,0.503763993707401,0,0.152956452255252,0.503763993707401,0,0.350807541452149
Philippines,2021,2050,159287,,0.503763993707401,0,0.152956452255252,0.503763993707401,0,0.350807541452149
Saint Lucia,2019,2017,1,,,0,0.170014655808309,0,0,0
Saint Lucia,2019,2018,1,,,0,0.170014655808309,0,0,0
Saint Lucia,2019,2019,1,,,0,0.170014655808309,0,0,0
Saint Lucia,2019,2020,1406,0.0945945945945946,0.0945945945945946,1,0.170014655808309,0.0945945945945946,0,0.0945945945945946
Saint Lucia,2019,2021,2050,0.301463414634146,0.301463414634146,1,0.170014655808309,0.301463414634146,0,0.131448758825837
Saint Lucia,2019,2022,2312,0.327854671280277,0.327854671280277,1,0.170014655808309,0.327854671280277,0,0.157840015471968
Saint Lucia,2019,2023,5012,0.319433359936153,0.319433359936153,1,0.170014655808309,0.319433359936153,0,0.149418704127844
Saint Lucia,2019,2024,5012,,0.345824616582284,0,0.170014655808309,0.345824616582284,0,0.175809960773975
Saint Lucia,2019,2025,5012,0.473064644852354,0.473064644852354,1,0.170014655808309,0.473064644852354,0,0.303049989044045
Saint Lucia,2019,2026,5012,0.473064644852354,0.473064644852354,1,0.170014655808309,0.473064644852354,0,0.303049989044045
Saint Lucia,2019,2027,5012,0.473064644852354,0.473064644852354,1,0.170014655808309,0.473064644852354,0,0.303049989044045
Saint Lucia,2019,2028,5012,0.473064644852354,0.473064644852354,1,0.170014655808309,0.473064644852354,0,0.303049989044045
Saint Lucia,2019,2029,5012,0.473064644852354,0.473064644852354,1,0.170014655808309,0.473064644852354,0,0.303049989044045
Saint Lucia,2019,2030,5012,0.473064644852354,0.473064644852354,1,0.170014655808309,0.473064644852354,0,0.303049989044045
Saint Lucia,2019,2031,5012,0.473064644852354,0.473064644852354,1,0.170014655808309,0.473064644852354,0,0.303049989044045
Saint Lucia,2019,2032,5012,0.473064644852354,0.473064644852354,1,0.170014655808309,0.473064644852354,0,0.303049989044045
Saint Lucia,2019,2033,5012,0.473064644852354,0.473064644852354,1,0.170014655808309,0.473064644852354,0,0.303049989044045
Saint Lucia,2019,2034,5012,0.473064644852354,0.473064644852354,1,0.170014655808309,0.473064644852354,0,0.303049989044045
Saint Lucia,2019,2035,5012,0.473064644852354,0.473064644852354,1,0.170014655808309,0.473064644852354,0,0.303049989044045
Saint Lucia,2019,2036,5012,0.473064644852354,0.473064644852354,1,0.170014655808309,0.473064644852354,0,0.303049989044045
Saint Lucia,2019,2037,5012,0.473064644852354,0.473064644852354,1,0.170014655808309,0.473064644852354,0,0.303049989044045
Saint Lucia,2019,2038,5012,0.473064644852354,0.473064644852354,1,0.170014655808309,0.473064644852354,0,0.303049989044045
Saint Lucia,2019,2039,5012,0.473064644852354,0.473064644852354,1,0.170014655808309,0.473064644852354,0,0.303049989044045
Saint Lucia,2019,2040,5012,0.473064644852354,0.473064644852354,1,0.170014655808309,0.473064644852354,0,0.303049989044045
Saint Lucia,2019,2041,5012,0.473064644852354,0.473064644852354,1,0.170014655808309,0.473064644852354,0,0.303049989044045
Saint Lucia,2019,2042,5012,0.473064644852354,0.473064644852354,1,0.170014655808309,0.473064644852354,0,0.303049989044045
Saint Lucia,2019,2043,5012,0.473064644852354,0.473064644852354,1,0.170014655808309,0.473064644852354,0,0.303049989044045
Saint Lucia,2019,2044,5012,0.473064644852354,0.473064644852354,1,0.170014655808309,0.473064644852354,0,0.303049989044045
Saint Lucia,2019,2045,5012,0.473064644852354,0.473064644852354,1,0.170014655808309,0.473064644852354,0,0.303049989044045
Saint Lucia,2019,2046,5012,0.473064644852354,0.473064644852354,1,0.170014655808309,0.473064644852354,0,0.303049989044045
Saint Lucia,2019,2047,5012,0.473064644852354,0.473064644852354,1,0.170014655808309,0.473064644852354,0,0.303049989044045
Saint Lucia,2019,2048,5012,0.473064644852354,0.473064644852354,1,0.170014655808309,0.473064644852354,0,0.303049989044045
Saint Lucia,2019,2049,5012,0.473064644852354,0.473064644852354,1,0.170014655808309,0.473064644852354,0,0.303049989044045
Saint Lucia,2019,2050,5012,0.473064644852354,0.473064644852354,1,0.170014655808309,0.473064644852354,0,0.303049989044045
Sri Lanka,2022,2017,1,,,0,0.143221245477257,0,0,0
Sri Lanka,2022,2018,1,,,0,0.143221245477257,0,0,0
Sri Lanka,2022,2019,1,,,0,0.143221245477257,0,0,0
Sri Lanka,2022,2020,1,,,0,0.143221245477257,0,0,0
Sri Lanka,2022,2021,1,,,0,0.143221245477257,0,0,0
Sri Lanka,2022,2022,5306,0.429890689785149,0.429890689785149,1,0.143221245477257,0.429890689785149,0,0.286669444307892
Sri Lanka,2022,2023,16766,0.474889657640463,0.474889657640463,1,0.143221245477257,0.474889657640463,0,0.331668412163206
Sri Lanka,2022,2024,99937,0.274402873810501,0.274402873810501,1,0.143221245477257,0.274402873810501,0,0.131181628333244
Sri Lanka,2022,2025,361156,0.000132906555615856,0.000132906555615856,1,0.143221245477257,0.000132906555615856,0,0.000132906555615856
Sri Lanka,2022,2026,361156,0.000132906555615856,0.000132906555615856,1,0.143221245477257,0.000132906555615856,0,0.000132906555615856
Sri Lanka,2022,2027,361156,0.000132906555615856,0.000132906555615856,1,0.143221245477257,0.000132906555615856,0,0.000132906555615856
Sri Lanka,2022,2028,361156,0.000132906555615856,0.000132906555615856,1,0.143221245477257,0.000132906555615856,0,0.000132906555615856
Sri Lanka,2022,2029,361156,0.000132906555615856,0.000132906555615856,1,0.143221245477257,0.000132906555615856,0,0.000132906555615856
Sri Lanka,2022,2030,361156,0.000132906555615856,0.000132906555615856,1,0.143221245477257,0.000132906555615856,0,0.000132906555615856
Sri Lanka,2022,2031,361156,0.000132906555615856,0.000132906555615856,1,0.143221245477257,0.000132906555615856,0,0.000132906555615856
Sri Lanka,2022,2032,361156,0.000132906555615856,0.000132906555615856,1,0.143221245477257,0.000132906555615856,0,0.000132906555615856
Sri Lanka,2022,2033,361156,0.000132906555615856,0.000132906555615856,1,0.143221245477257,0.000132906555615856,0,0.000132906555615856
Sri Lanka,2022,2034,361156,0.000132906555615856,0.000132906555615856,1,0.143221245477257,0.000132906555615856,0,0.000132906555615856
Sri Lanka,2022,2035,361156,0.000132906555615856,0.000132906555615856,1,0.143221245477257,0.000132906555615856,0,0.000132906555615856
Sri Lanka,2022,2036,361156,0.000132906555615856,0.000132906555615856,1,0.143221245477257,0.000132906555615856,0,0.000132906555615856
Sri Lanka,2022,2037,361156,0.000132906555615856,0.000132906555615856,1,0.143221245477257,0.000132906555615856,0,0.000132906555615856
Sri Lanka,2022,2038,361156,0.000132906555615856,0.000132906555615856,1,0.143221245477257,0.000132906555615856,0,0.000132906555615856
Sri Lanka,2022,2039,361156,0.000132906555615856,0.000132906555615856,1,0.143221245477257,0.000132906555615856,0,0.000132906555615856
Sri Lanka,2022,2040,361156,0.000132906555615856,0.000132906555615856,1,0.143221245477257,0.000132906555615856,0,0.000132906555615856
Sri Lanka,2022,2041,361156,0.000132906555615856,0.000132906555615856,1,0.143221245477257,0.000132906555615856,0,0.000132906555615856
Sri Lanka,2022,2042,361156,0.000132906555615856,0.000132906555615856,1,0.143221245477257,0.000132906555615856,0,0.000132906555615856
Sri Lanka,2022,2043,361156,0.000132906555615856,0.000132906555615856,1,0.143221245477257,0.000132906555615856,0,0.000132906555615856
Sri Lanka,2022,2044,361156,0.000132906555615856,0.000132906555615856,1,0.143221245477257,0.000132906555615856,0,0.000132906555615856
Sri Lanka,2022,2045,361156,0.000132906555615856,0.000132906555615856,1,0.143221245477257,0.000132906555615856,0,0.000132906555615856
Sri Lanka,2022,2046,361156,0.000132906555615856,0.000132906555615856,1,0.143221245477257,0.000132906555615856,0,0.000132906555615856
Sri Lanka,2022,2047,361156,0.000132906555615856,0.000132906555615856,1,0.143221245477257,0.000132906555615856,0,0.000132906555615856
Sri Lanka,2022,2048,361156,0.000132906555615856,0.000132906555615856,1,0.143221245477257,0.000132906555615856,0,0.000132906555615856
Sri Lanka,2022,2049,361156,0.000132906555615856,0.000132906555615856,1,0.143221245477257,0.000132906555615856,0,0.000132906555615856
Sri Lanka,2022,2050,361156,0.000132906555615856,0.000132906555615856,1,0.143221245477257,0.000132906555615856,0,0.000132906555615856
Suriname,2023,2017,1,,,0,0.1945107935871,0,0,0
Suriname,2023,2018,1,,,0,0.1945107935871,0,0,0
Suriname,2023,2019,1,,,0,0.1945107935871,0,0,0
Suriname,2023,2020,1,,,0,0.1945107935871,0,0,0
Suriname,2023,2021,1,,,0,0.1945107935871,0,0,0
Suriname,2023,2022,1,,,0,0.1945107935871,0,0,0
Suriname,2023,2023,1737,0.311456534254462,0.311456534254462,1,0.1945107935871,0.311456534254462,0,0.116945740667362
Suriname,2023,2024,2150,,,0,0.1945107935871,0,0,0
Suriname,2023,2025,2194,,,0,0.1945107935871,0,0,0
Suriname,2023,2026,2194,,,0,0.1945107935871,0,0,0
Suriname,2023,2027,2194,,,0,0.1945107935871,0,0,0
Suriname,2023,2028,2194,,,0,0.1945107935871,0,0,0
Suriname,2023,2029,2194,,,0,0.1945107935871,0,0,0
Suriname,2023,2030,2194,,,0,0.1945107935871,0,0,0
Suriname,2023,2031,2194,,,0,0.1945107935871,0,0,0
Suriname,2023,2032,2194,,,0,0.1945107935871,0,0,0
Suriname,2023,2033,2194,,,0,0.1945107935871,0,0,0
Suriname,2023,2034,2194,,,0,0.1945107935871,0,0,0
Suriname,2023,2035,2194,,,0,0.1945107935871,0,0,0
Suriname,2023,2036,2194,,,0,0.1945107935871,0,0,0
Suriname,2023,2037,2194,,,0,0.1945107935871,0,0,0
Suriname,2023,2038,2194,,,0,0.1945107935871,0,0,0
Suriname,2023,2039,2194,,,0,0.1945107935871,0,0,0
Suriname,2023,2040,2194,,,0,0.1945107935871,0,0,0
Suriname,2023,2041,2194,,,0,0.1945107935871,0,0,0
Suriname,2023,2042,2194,,,0,0.1945107935871,0,0,0
Suriname,2023,2043,2194,,,0,0.1945107935871,0,0,0
Suriname,2023,2044,2194,,,0,0.1945107935871,0,0,0
Suriname,2023,2045,2194,,,0,0.1945107935871,0,0,0
Suriname,2023,2046,2194,,,0,0.1945107935871,0,0,0
Suriname,2023,2047,2194,,,0,0.1945107935871,0,0,0
Suriname,2023,2048,2194,,,0,0.1945107935871,0,0,0
Suriname,2023,2049,2194,,,0,0.1945107935871,0,0,0
Suriname,2023,2050,2194,,,0,0.1945107935871,0,0,0
Thailand,2017,2017,4e+05,,,0,0.240983894078172,0,0,0
Thailand,2017,2018,761912,,,0,0.240983894078172,0,0,0
Thailand,2017,2019,1479640,,,0,0.240983894078172,0,0,0
Thailand,2017,2020,1972582,0.592299838485802,0.592299838485802,1,0.240983894078172,0.592299838485802,0,0.35131594440763
Thailand,2017,2021,3394460,0.434198664883369,0.434198664883369,1,0.240983894078172,0.434198664883369,0,0.193214770805197
Thailand,2017,2022,3821207,0.401964091450686,0.401964091450686,1,0.240983894078172,0.401964091450686,0,0.160980197372514
Thailand,2017,2023,7853902,0.494349050955818,0.494349050955818,1,0.240983894078172,0.494349050955818,0,0.253365156877646
Thailand,2017,2024,8117689,0.444164589207593,0.444164589207593,1,0.240983894078172,0.444164589207593,0,0.203180695129421
Thailand,2017,2025,8464850,0.526200818679599,0.526200818679599,1,0.240983894078172,0.526200818679599,0,0.285216924601427
Thailand,2017,2026,8464850,0.526200818679599,0.526200818679599,1,0.240983894078172,0.526200818679599,0,0.285216924601427
Thailand,2017,2027,8464850,0.526200818679599,0.526200818679599,1,0.240983894078172,0.526200818679599,0,0.285216924601427
Thailand,2017,2028,8464850,0.526200818679599,0.526200818679599,1,0.240983894078172,0.526200818679599,0,0.285216924601427
Thailand,2017,2029,8464850,0.526200818679599,0.526200818679599,1,0.240983894078172,0.526200818679599,0,0.285216924601427
Thailand,2017,2030,8464850,0.526200818679599,0.526200818679599,1,0.240983894078172,0.526200818679599,0,0.285216924601427
Thailand,2017,2031,8464850,0.526200818679599,0.526200818679599,1,0.240983894078172,0.526200818679599,0,0.285216924601427
Thailand,2017,2032,8464850,0.526200818679599,0.526200818679599,1,0.240983894078172,0.526200818679599,0,0.285216924601427
Thailand,2017,2033,8464850,0.526200818679599,0.526200818679599,1,0.240983894078172,0.526200818679599,0,0.285216924601427
Thailand,2017,2034,8464850,0.526200818679599,0.526200818679599,1,0.240983894078172,0.526200818679599,0,0.285216924601427
Thailand,2017,2035,8464850,0.526200818679599,0.526200818679599,1,0.240983894078172,0.526200818679599,0,0.285216924601427
Thailand,2017,2036,8464850,0.526200818679599,0.526200818679599,1,0.240983894078172,0.526200818679599,0,0.285216924601427
Thailand,2017,2037,8464850,0.526200818679599,0.526200818679599,1,0.240983894078172,0.526200818679599,0,0.285216924601427
Thailand,2017,2038,8464850,0.526200818679599,0.526200818679599,1,0.240983894078172,0.526200818679599,0,0.285216924601427
Thailand,2017,2039,8464850,0.526200818679599,0.526200818679599,1,0.240983894078172,0.526200818679599,0,0.285216924601427
Thailand,2017,2040,8464850,0.526200818679599,0.526200818679599,1,0.240983894078172,0.526200818679599,0,0.285216924601427
Thailand,2017,2041,8464850,0.526200818679599,0.526200818679599,1,0.240983894078172,0.526200818679599,0,0.285216924601427
Thailand,2017,2042,8464850,0.526200818679599,0.526200818679599,1,0.240983894078172,0.526200818679599,0,0.285216924601427
Thailand,2017,2043,8464850,0.526200818679599,0.526200818679599,1,0.240983894078172,0.526200818679599,0,0.285216924601427
Thailand,2017,2044,8464850,0.526200818679599,0.526200818679599,1,0.240983894078172,0.526200818679599,0,0.285216924601427
Thailand,2017,2045,8464850,0.526200818679599,0.526200818679599,1,0.240983894078172,0.526200818679599,0,0.285216924601427
Thailand,2017,2046,8464850,0.526200818679599,0.526200818679599,1,0.240983894078172,0.526200818679599,0,0.285216924601427
Thailand,2017,2047,8464850,0.526200818679599,0.526200818679599,1,0.240983894078172,0.526200818679599,0,0.285216924601427
Thailand,2017,2048,8464850,0.526200818679599,0.526200818679599,1,0.240983894078172,0.526200818679599,0,0.285216924601427
Thailand,2017,2049,8464850,0.526200818679599,0.526200818679599,1,0.240983894078172,0.526200818679599,0,0.285216924601427
Thailand,2017,2050,8464850,0.526200818679599,0.526200818679599,1,0.240983894078172,0.526200818679599,0,0.285216924601427
Trinidad and Tobago,2018,2017,1,,,0,0.193217700915208,0,0,0
Trinidad and Tobago,2018,2018,1,,,0,0.193217700915208,0,0,0
Trinidad and Tobago,2018,2019,1,,,0,0.193217700915208,0,0,0
Trinidad and Tobago,2018,2020,12527,0.379819589686278,0.379819589686278,1,0.193217700915208,0.379819589686278,0,0.18660188877107
Trinidad and Tobago,2018,2021,12527,0.379819589686278,0.379819589686278,1,0.193217700915208,0.379819589686278,0,0.18660188877107
Trinidad and Tobago,2018,2022,35409,0.152108221073738,0.152108221073738,1,0.193217700915208,0.152108221073738,0,0.152108221073738
Trinidad and Tobago,2018,2023,55811,0.372847646521295,0.372847646521295,1,0.193217700915208,0.372847646521295,0,0.179629945606087
Trinidad and Tobago,2018,2024,61199,0.416363012467524,0.416363012467524,1,0.193217700915208,0.416363012467524,0,0.223145311552316
Trinidad and Tobago,2018,2025,61199,,0.438120695440638,0,0.193217700915208,0.438120695440638,0,0.24490299452543
Trinidad and Tobago,2018,2026,61199,,0.438120695440638,0,0.193217700915208,0.438120695440638,0,0.24490299452543
Trinidad and Tobago,2018,2027,61199,,0.438120695440638,0,0.193217700915208,0.438120695440638,0,0.24490299452543
Trinidad and Tobago,2018,2028,61199,,0.438120695440638,0,0.193217700915208,0.438120695440638,0,0.24490299452543
Trinidad and Tobago,2018,2029,61199,,0.438120695440638,0,0.193217700915208,0.438120695440638,0,0.24490299452543
Trinidad and Tobago,2018,2030,61199,,0.438120695440638,0,0.193217700915208,0.438120695440638,0,0.24490299452543
Trinidad and Tobago,2018,2031,61199,,0.438120695440638,0,0.193217700915208,0.438120695440638,0,0.24490299452543
Trinidad and Tobago,2018,2032,61199,,0.438120695440638,0,0.193217700915208,0.438120695440638,0,0.24490299452543
Trinidad and Tobago,2018,2033,61199,,0.438120695440638,0,0.193217700915208,0.438120695440638,0,0.24490299452543
Trinidad and Tobago,2018,2034,61199,,0.438120695440638,0,0.193217700915208,0.438120695440638,0,0.24490299452543
Trinidad and Tobago,2018,2035,61199,,0.438120695440638,0,0.193217700915208,0.438120695440638,0,0.24490299452543
Trinidad and Tobago,2018,2036,61199,,0.438120695440638,0,0.193217700915208,0.438120695440638,0,0.24490299452543
Trinidad and Tobago,2018,2037,61199,,0.438120695440638,0,0.193217700915208,0.438120695440638,0,0.24490299452543
Trinidad and Tobago,2018,2038,61199,,0.438120695440638,0,0.193217700915208,0.438120695440638,0,0.24490299452543
Trinidad and Tobago,2018,2039,61199,,0.438120695440638,0,0.193217700915208,0.438120695440638,0,0.24490299452543
Trinidad and Tobago,2018,2040,61199,,0.438120695440638,0,0.193217700915208,0.438120695440638,0,0.24490299452543
Trinidad and Tobago,2018,2041,61199,,0.438120695440638,0,0.193217700915208,0.438120695440638,0,0.24490299452543
Trinidad and Tobago,2018,2042,61199,,0.438120695440638,0,0.193217700915208,0.438120695440638,0,0.24490299452543
Trinidad and Tobago,2018,2043,61199,,0.438120695440638,0,0.193217700915208,0.438120695440638,0,0.24490299452543
Trinidad and Tobago,2018,2044,61199,,0.438120695440638,0,0.193217700915208,0.438120695440638,0,0.24490299452543
Trinidad and Tobago,2018,2045,61199,,0.438120695440638,0,0.193217700915208,0.438120695440638,0,0.24490299452543
Trinidad and Tobago,2018,2046,61199,,0.438120695440638,0,0.193217700915208,0.438120695440638,0,0.24490299452543
Trinidad and Tobago,2018,2047,61199,,0.438120695440638,0,0.193217700915208,0.438120695440638,0,0.24490299452543
Trinidad and Tobago,2018,2048,61199,,0.438120695440638,0,0.193217700915208,0.438120695440638,0,0.24490299452543
Trinidad and Tobago,2018,2049,61199,,0.438120695440638,0,0.193217700915208,0.438120695440638,0,0.24490299452543
Trinidad and Tobago,2018,2050,61199,,0.438120695440638,0,0.193217700915208,0.438120695440638,0,0.24490299452543
Uganda,2025,2017,1,,,0,0.0724895984882123,0,0,0
Uganda,2025,2018,1,,,0,0.0724895984882123,0,0,0
Uganda,2025,2019,1,,,0,0.0724895984882123,0,0,0
Uganda,2025,2020,1,,,0,0.0724895984882123,0,0,0
Uganda,2025,2021,1,,,0,0.0724895984882123,0,0,0
Uganda,2025,2022,1,,,0,0.0724895984882123,0,0,0
Uganda,2025,2023,1,,,0,0.0724895984882123,0,0,0
Uganda,2025,2024,1,,,0,0.0724895984882123,0,0,0
Uganda,2025,2025,2649,0.28161570403926,0.28161570403926,1,0.0724895984882123,0.28161570403926,0,0.209126105551048
Uganda,2025,2026,2649,0.28161570403926,0.28161570403926,1,0.0724895984882123,0.28161570403926,0,0.209126105551048
Uganda,2025,2027,2649,0.28161570403926,0.28161570403926,1,0.0724895984882123,0.28161570403926,0,0.209126105551048
Uganda,2025,2028,2649,0.28161570403926,0.28161570403926,1,0.0724895984882123,0.28161570403926,0,0.209126105551048
Uganda,2025,2029,2649,0.28161570403926,0.28161570403926,1,0.0724895984882123,0.28161570403926,0,0.209126105551048
Uganda,2025,2030,2649,0.28161570403926,0.28161570403926,1,0.0724895984882123,0.28161570403926,0,0.209126105551048
Uganda,2025,2031,2649,0.28161570403926,0.28161570403926,1,0.0724895984882123,0.28161570403926,0,0.209126105551048
Uganda,2025,2032,2649,0.28161570403926,0.28161570403926,1,0.0724895984882123,0.28161570403926,0,0.209126105551048
Uganda,2025,2033,2649,0.28161570403926,0.28161570403926,1,0.0724895984882123,0.28161570403926,0,0.209126105551048
Uganda,2025,2034,2649,0.28161570403926,0.28161570403926,1,0.0724895984882123,0.28161570403926,0,0.209126105551048
Uganda,2025,2035,2649,0.28161570403926,0.28161570403926,1,0.0724895984882123,0.28161570403926,0,0.209126105551048
Uganda,2025,2036,2649,0.28161570403926,0.28161570403926,1,0.0724895984882123,0.28161570403926,0,0.209126105551048
Uganda,2025,2037,2649,0.28161570403926,0.28161570403926,1,0.0724895984882123,0.28161570403926,0,0.209126105551048
Uganda,2025,2038,2649,0.28161570403926,0.28161570403926,1,0.0724895984882123,0.28161570403926,0,0.209126105551048
Uganda,2025,2039,2649,0.28161570403926,0.28161570403926,1,0.0724895984882123,0.28161570403926,0,0.209126105551048
Uganda,2025,2040,2649,0.28161570403926,0.28161570403926,1,0.0724895984882123,0.28161570403926,0,0.209126105551048
Uganda,2025,2041,2649,0.28161570403926,0.28161570403926,1,0.0724895984882123,0.28161570403926,0,0.209126105551048
Uganda,2025,2042,2649,0.28161570403926,0.28161570403926,1,0.0724895984882123,0.28161570403926,0,0.209126105551048
Uganda,2025,2043,2649,0.28161570403926,0.28161570403926,1,0.0724895984882123,0.28161570403926,0,0.209126105551048
Uganda,2025,2044,2649,0.28161570403926,0.28161570403926,1,0.0724895984882123,0.28161570403926,0,0.209126105551048
Uganda,2025,2045,2649,0.28161570403926,0.28161570403926,1,0.0724895984882123,0.28161570403926,0,0.209126105551048
Uganda,2025,2046,2649,0.28161570403926,0.28161570403926,1,0.0724895984882123,0.28161570403926,0,0.209126105551048
Uganda,2025,2047,2649,0.28161570403926,0.28161570403926,1,0.0724895984882123,0.28161570403926,0,0.209126105551048
Uganda,2025,2048,2649,0.28161570403926,0.28161570403926,1,0.0724895984882123,0.28161570403926,0,0.209126105551048
Uganda,2025,2049,2649,0.28161570403926,0.28161570403926,1,0.0724895984882123,0.28161570403926,0,0.209126105551048
Uganda,2025,2050,2649,0.28161570403926,0.28161570403926,1,0.0724895984882123,0.28161570403926,0,0.209126105551048
Viet Nam,2019,2017,1,,,0,0.118223990774012,0,0,0
Viet Nam,2019,2018,1,,,0,0.118223990774012,0,0,0
Viet Nam,2019,2019,1,,,0,0.118223990774012,0,0,0
Viet Nam,2019,2020,332281,0.384153773462822,0.384153773462822,1,0.118223990774012,0.384153773462822,0,0.26592978268881
Viet Nam,2019,2021,144777,0.547773472305684,0.547773472305684,1,0.118223990774012,0.547773472305684,0,0.429549481531672
Viet Nam,2019,2022,544273,0.305122613100411,0.305122613100411,1,0.118223990774012,0.305122613100411,0,0.186898622326399
Viet Nam,2019,2023,1102222,0.230937143334101,0.230937143334101,1,0.118223990774012,0.230937143334101,0,0.11271315256009
Viet Nam,2019,2024,1653518,0.205777620806063,0.205777620806063,1,0.118223990774012,0.205777620806063,0,0.0875536300320512
Viet Nam,2019,2025,2052348,0.194664842414639,0.194664842414639,1,0.118223990774012,0.194664842414639,0,0.0764408516406273
Viet Nam,2019,2026,2052348,0.194664842414639,0.194664842414639,1,0.118223990774012,0.194664842414639,0,0.0764408516406273
Viet Nam,2019,2027,2052348,0.194664842414639,0.194664842414639,1,0.118223990774012,0.194664842414639,0,0.0764408516406273
Viet Nam,2019,2028,2052348,0.194664842414639,0.194664842414639,1,0.118223990774012,0.194664842414639,0,0.0764408516406273
Viet Nam,2019,2029,2052348,0.194664842414639,0.194664842414639,1,0.118223990774012,0.194664842414639,0,0.0764408516406273
Viet Nam,2019,2030,2052348,0.194664842414639,0.194664842414639,1,0.118223990774012,0.194664842414639,0,0.0764408516406273
Viet Nam,2019,2031,2052348,0.194664842414639,0.194664842414639,1,0.118223990774012,0.194664842414639,0,0.0764408516406273
Viet Nam,2019,2032,2052348,0.194664842414639,0.194664842414639,1,0.118223990774012,0.194664842414639,0,0.0764408516406273
Viet Nam,2019,2033,2052348,0.194664842414639,0.194664842414639,1,0.118223990774012,0.194664842414639,0,0.0764408516406273
Viet Nam,2019,2034,2052348,0.194664842414639,0.194664842414639,1,0.118223990774012,0.194664842414639,0,0.0764408516406273
Viet Nam,2019,2035,2052348,0.194664842414639,0.194664842414639,1,0.118223990774012,0.194664842414639,0,0.0764408516406273
Viet Nam,2019,2036,2052348,0.194664842414639,0.194664842414639,1,0.118223990774012,0.194664842414639,0,0.0764408516406273
Viet Nam,2019,2037,2052348,0.194664842414639,0.194664842414639,1,0.118223990774012,0.194664842414639,0,0.0764408516406273
Viet Nam,2019,2038,2052348,0.194664842414639,0.194664842414639,1,0.118223990774012,0.194664842414639,0,0.0764408516406273
Viet Nam,2019,2039,2052348,0.194664842414639,0.194664842414639,1,0.118223990774012,0.194664842414639,0,0.0764408516406273
Viet Nam,2019,2040,2052348,0.194664842414639,0.194664842414639,1,0.118223990774012,0.194664842414639,0,0.0764408516406273
Viet Nam,2019,2041,2052348,0.194664842414639,0.194664842414639,1,0.118223990774012,0.194664842414639,0,0.0764408516406273
Viet Nam,2019,2042,2052348,0.194664842414639,0.194664842414639,1,0.118223990774012,0.194664842414639,0,0.0764408516406273
Viet Nam,2019,2043,2052348,0.194664842414639,0.194664842414639,1,0.118223990774012,0.194664842414639,0,0.0764408516406273
Viet Nam,2019,2044,2052348,0.194664842414639,0.194664842414639,1,0.118223990774012,0.194664842414639,0,0.0764408516406273
Viet Nam,2019,2045,2052348,0.194664842414639,0.194664842414639,1,0.118223990774012,0.194664842414639,0,0.0764408516406273
Viet Nam,2019,2046,2052348,0.194664842414639,0.194664842414639,1,0.118223990774012,0.194664842414639,0,0.0764408516406273
Viet Nam,2019,2047,2052348,0.194664842414639,0.194664842414639,1,0.118223990774012,0.194664842414639,0,0.0764408516406273
Viet Nam,2019,2048,2052348,0.194664842414639,0.194664842414639,1,0.118223990774012,0.194664842414639,0,0.0764408516406273
Viet Nam,2019,2049,2052348,0.194664842414639,0.194664842414639,1,0.118223990774012,0.194664842414639,0,0.0764408516406273
Viet Nam,2019,2050,2052348,0.194664842414639,0.194664842414639,1,0.118223990774012,0.194664842414639,0,0.0764408516406273
